[{"pk": 18, "model": "contenttypes.contenttype", "fields": {"model": "artist", "name": "artist", "app_label": "collection"}}, {"pk": 19, "model": "contenttypes.contenttype", "fields": {"model": "collection", "name": "collection", "app_label": "collection"}}, {"pk": 4, "model": "contenttypes.contenttype", "fields": {"model": "contenttype", "name": "content type", "app_label": "contenttypes"}}, {"pk": 10, "model": "contenttypes.contenttype", "fields": {"model": "flatpage", "name": "flat page", "app_label": "flatpages"}}, {"pk": 12, "model": "contenttypes.contenttype", "fields": {"model": "gallery", "name": "gallery", "app_label": "photologue"}}, {"pk": 13, "model": "contenttypes.contenttype", "fields": {"model": "galleryupload", "name": "gallery upload", "app_label": "photologue"}}, {"pk": 2, "model": "contenttypes.contenttype", "fields": {"model": "group", "name": "group", "app_label": "auth"}}, {"pk": 21, "model": "contenttypes.contenttype", "fields": {"model": "image", "name": "image", "app_label": "collection"}}, {"pk": 7, "model": "contenttypes.contenttype", "fields": {"model": "logentry", "name": "log entry", "app_label": "admin"}}, {"pk": 9, "model": "contenttypes.contenttype", "fields": {"model": "menuitem", "name": "menu item", "app_label": "core"}}, {"pk": 25, "model": "contenttypes.contenttype", "fields": {"model": "message", "name": "message", "app_label": "core"}}, {"pk": 11, "model": "contenttypes.contenttype", "fields": {"model": "migrationhistory", "name": "migration history", "app_label": "south"}}, {"pk": 26, "model": "contenttypes.contenttype", "fields": {"model": "patron", "name": "patron", "app_label": "core"}}, {"pk": 1, "model": "contenttypes.contenttype", "fields": {"model": "permission", "name": "permission", "app_label": "auth"}}, {"pk": 14, "model": "contenttypes.contenttype", "fields": {"model": "photo", "name": "photo", "app_label": "photologue"}}, {"pk": 15, "model": "contenttypes.contenttype", "fields": {"model": "photoeffect", "name": "photo effect", "app_label": "photologue"}}, {"pk": 17, "model": "contenttypes.contenttype", "fields": {"model": "photosize", "name": "photo size", "app_label": "photologue"}}, {"pk": 5, "model": "contenttypes.contenttype", "fields": {"model": "session", "name": "session", "app_label": "sessions"}}, {"pk": 6, "model": "contenttypes.contenttype", "fields": {"model": "site", "name": "site", "app_label": "sites"}}, {"pk": 22, "model": "contenttypes.contenttype", "fields": {"model": "source", "name": "source", "app_label": "easy_thumbnails"}}, {"pk": 8, "model": "contenttypes.contenttype", "fields": {"model": "splash", "name": "splash", "app_label": "splash"}}, {"pk": 23, "model": "contenttypes.contenttype", "fields": {"model": "thumbnail", "name": "thumbnail", "app_label": "easy_thumbnails"}}, {"pk": 3, "model": "contenttypes.contenttype", "fields": {"model": "user", "name": "user", "app_label": "auth"}}, {"pk": 16, "model": "contenttypes.contenttype", "fields": {"model": "watermark", "name": "watermark", "app_label": "photologue"}}, {"pk": "d9144dbabbe2db774f13be2851baf204", "model": "sessions.session", "fields": {"expire_date": "2012-10-16T10:37:14.871Z", "session_data": "YmNjYWFhNjA2YmQzODI5ZGM5MmY1NzA0NmJkOWEwZGNkMGJkMDA3NDqAAn1xAShVEl9hdXRoX3Vz\nZXJfYmFja2VuZHECVSlkamFuZ28uY29udHJpYi5hdXRoLmJhY2tlbmRzLk1vZGVsQmFja2VuZHED\nVQ1fYXV0aF91c2VyX2lkcQRLAXUu\n"}}, {"pk": "3c61644a8ed5a79c5950cbf0ef24cb58", "model": "sessions.session", "fields": {"expire_date": "2012-10-16T11:05:02.808Z", "session_data": "YmNjYWFhNjA2YmQzODI5ZGM5MmY1NzA0NmJkOWEwZGNkMGJkMDA3NDqAAn1xAShVEl9hdXRoX3Vz\nZXJfYmFja2VuZHECVSlkamFuZ28uY29udHJpYi5hdXRoLmJhY2tlbmRzLk1vZGVsQmFja2VuZHED\nVQ1fYXV0aF91c2VyX2lkcQRLAXUu\n"}}, {"pk": "3ea3b5fa3e888135db6443410e71f784", "model": "sessions.session", "fields": {"expire_date": "2012-10-16T11:35:07.800Z", "session_data": "YmNjYWFhNjA2YmQzODI5ZGM5MmY1NzA0NmJkOWEwZGNkMGJkMDA3NDqAAn1xAShVEl9hdXRoX3Vz\nZXJfYmFja2VuZHECVSlkamFuZ28uY29udHJpYi5hdXRoLmJhY2tlbmRzLk1vZGVsQmFja2VuZHED\nVQ1fYXV0aF91c2VyX2lkcQRLAXUu\n"}}, {"pk": "3a2545df7bb4e86692aba16166876190", "model": "sessions.session", "fields": {"expire_date": "2012-10-16T13:43:18.616Z", "session_data": "YmNjYWFhNjA2YmQzODI5ZGM5MmY1NzA0NmJkOWEwZGNkMGJkMDA3NDqAAn1xAShVEl9hdXRoX3Vz\nZXJfYmFja2VuZHECVSlkamFuZ28uY29udHJpYi5hdXRoLmJhY2tlbmRzLk1vZGVsQmFja2VuZHED\nVQ1fYXV0aF91c2VyX2lkcQRLAXUu\n"}}, {"pk": "ec84c9fc404e9a923c81baa2a2cacc6f", "model": "sessions.session", "fields": {"expire_date": "2012-10-16T13:47:43.251Z", "session_data": "YmNjYWFhNjA2YmQzODI5ZGM5MmY1NzA0NmJkOWEwZGNkMGJkMDA3NDqAAn1xAShVEl9hdXRoX3Vz\nZXJfYmFja2VuZHECVSlkamFuZ28uY29udHJpYi5hdXRoLmJhY2tlbmRzLk1vZGVsQmFja2VuZHED\nVQ1fYXV0aF91c2VyX2lkcQRLAXUu\n"}}, {"pk": "dd496f03ef4d815b1a95db7c798b165c", "model": "sessions.session", "fields": {"expire_date": "2012-10-16T14:25:59.471Z", "session_data": "YmNjYWFhNjA2YmQzODI5ZGM5MmY1NzA0NmJkOWEwZGNkMGJkMDA3NDqAAn1xAShVEl9hdXRoX3Vz\nZXJfYmFja2VuZHECVSlkamFuZ28uY29udHJpYi5hdXRoLmJhY2tlbmRzLk1vZGVsQmFja2VuZHED\nVQ1fYXV0aF91c2VyX2lkcQRLAXUu\n"}}, {"pk": "157e5eb6cd34a4ace8ec0544461f0cbf", "model": "sessions.session", "fields": {"expire_date": "2012-10-16T14:52:52.373Z", "session_data": "YmNjYWFhNjA2YmQzODI5ZGM5MmY1NzA0NmJkOWEwZGNkMGJkMDA3NDqAAn1xAShVEl9hdXRoX3Vz\nZXJfYmFja2VuZHECVSlkamFuZ28uY29udHJpYi5hdXRoLmJhY2tlbmRzLk1vZGVsQmFja2VuZHED\nVQ1fYXV0aF91c2VyX2lkcQRLAXUu\n"}}, {"pk": "4dfcd60b09a86838e697b0b489606d75", "model": "sessions.session", "fields": {"expire_date": "2012-10-16T14:56:21.822Z", "session_data": "YmNjYWFhNjA2YmQzODI5ZGM5MmY1NzA0NmJkOWEwZGNkMGJkMDA3NDqAAn1xAShVEl9hdXRoX3Vz\nZXJfYmFja2VuZHECVSlkamFuZ28uY29udHJpYi5hdXRoLmJhY2tlbmRzLk1vZGVsQmFja2VuZHED\nVQ1fYXV0aF91c2VyX2lkcQRLAXUu\n"}}, {"pk": "355960cc675d8e1c96c59be3d5359573", "model": "sessions.session", "fields": {"expire_date": "2012-10-19T12:44:41.602Z", "session_data": "ODJkZjI2NGU5ZTNkYjM0YzE3OWNkN2E2ZTg4NjI1MjQ3OTc3YmNmODqAAn1xAS4=\n"}}, {"pk": "4a2f9831002d7ca5942107e328997477", "model": "sessions.session", "fields": {"expire_date": "2012-10-23T14:26:25.949Z", "session_data": "YmNjYWFhNjA2YmQzODI5ZGM5MmY1NzA0NmJkOWEwZGNkMGJkMDA3NDqAAn1xAShVEl9hdXRoX3Vz\nZXJfYmFja2VuZHECVSlkamFuZ28uY29udHJpYi5hdXRoLmJhY2tlbmRzLk1vZGVsQmFja2VuZHED\nVQ1fYXV0aF91c2VyX2lkcQRLAXUu\n"}}, {"pk": "fb39148e10c8d441f4427466684aab14", "model": "sessions.session", "fields": {"expire_date": "2012-10-26T00:13:21.291Z", "session_data": "YTcyYjU1N2I3ZDlhNjM4YWFhNjM3ZDAwZTA3Zjg0MzU2NzAwODkzZDqAAn1xAVUKdGVzdGNvb2tp\nZXECVQZ3b3JrZWRxA3Mu\n"}}, {"pk": "5cb8c7bb0bef9091e63bd712664cb7ba", "model": "sessions.session", "fields": {"expire_date": "2012-11-06T20:16:42.287Z", "session_data": "YTcyYjU1N2I3ZDlhNjM4YWFhNjM3ZDAwZTA3Zjg0MzU2NzAwODkzZDqAAn1xAVUKdGVzdGNvb2tp\nZXECVQZ3b3JrZWRxA3Mu\n"}}, {"pk": "4931113e0387e5f21466d646ce9c570e", "model": "sessions.session", "fields": {"expire_date": "2012-11-07T12:55:02.778Z", "session_data": "YTcyYjU1N2I3ZDlhNjM4YWFhNjM3ZDAwZTA3Zjg0MzU2NzAwODkzZDqAAn1xAVUKdGVzdGNvb2tp\nZXECVQZ3b3JrZWRxA3Mu\n"}}, {"pk": 1, "model": "sites.site", "fields": {"domain": "example.com", "name": "example.com"}}, {"pk": 1, "model": "flatpages.flatpage", "fields": {"registration_required": false, "title": "UNIT A - About", "url": "/about/", "template_name": "flatpage.html", "sites": [1], "content": "<p><span class=\"Apple-style-span\" style=\"line-height: 17px;\"><strong>Marcus Jansen</strong>&nbsp;was born 1968 &nbsp;in Manhattan spending his first years in Bronx and Long Island New York.</span></p>\r\n<p><span class=\"Apple-style-span\" style=\"line-height: 17px;\">He is a Gulf War Veteran later raised and educated in Europe Germany. Attending formal training at the Berufsfachschule fuer Gestaltung/Design&nbsp;in Moenchengladbach in1985 at the request of his father then joined the United States Armed Forces. Upon Jansen&rsquo;s return from his combat tour in 1991, he was diagnosed with Post Traumatic Stress Disorder and was sent to Walter Reed Hospital in Washington DC for treatment using art therapy, thereafter painting full-time. He has been redefining urban landscape painting since the 1990&rsquo;s.</span></p>\r\n<p style=\"min-width: 100px; max-width: 470px; line-height: 17px;\">In 1982, during one of his frequent returns to New York City, Jansen was introduced to graffiti legend WEST ONE Fc, inspiring him to paint. Later, Jansen met the former director of the Long Beach Museum of Art, Jerome A. Donson, (Author of the American Vanguard Exhibitions 1961), who had previously worked with action painters such as Jackson Pollock, Willem de Kooning, Franz Kline and Jasper Johns. Donson became a major influence and mentor in Jansen&rsquo;s career, writing the foreword to Jansen&rsquo;s first book in 2005, and sighting his work as reminiscent of the Ash Can School. Donson writes, &ldquo;I told him I believed he was the originator of a new movement which I called &lsquo;Urban Expressionism,&rsquo;...What initiated it for him, was the graffiti on the sides of subway trains when he traveled from the Bronx to Manhattan to sell his work on the street. This is somewhat reminiscent of Jackson Pollock learning to kneel with the Hopi Indians and throw sand to make sand pictures. That innovation may have been the beginning of Abstract Expressionism.&rdquo;</p>\r\n<p style=\"min-width: 100px; max-width: 470px; line-height: 17px;\">Jansen belongs to a generation of artists who have been exploring urban expressionism, using urban landscapes and the connection between street art and contemporary art disciplines. Explained by critic Veron Ennis, &ldquo;He has the uncanny ability to show us the follies of today&rsquo;s cultures and societies...his technique successfully combines action painting with objective subject matter. A task deemed impossible by Ad Reinhardt sixty-some years ago, Jansen now accomplishes brilliantly.&rdquo;&nbsp;Founder, R. Crosby Kemper of&nbsp;<strong style=\"font-weight: bold;\">The Kemper Museum of Contemporary Art</strong>, was the first Museum to purchase three of Jansen&rsquo;s works, two of which can be found in the Museum&rsquo;s collection since 2006.</p>\r\n<p style=\"min-width: 100px; max-width: 470px; line-height: 17px;\">Jansen&rsquo;s is best known for his most recognized paintings-&nbsp;<strong style=\"font-weight: bold;\">&ldquo;Creeping Obstacles in Kansas,&rdquo;</strong>&nbsp;published on the cover of New American Paintings No. 94, selected by Chief Curator at the Orange County Museum of Art, Dan Cameron; and &ldquo;E Pluribus Unum&rdquo; winner at the International British&nbsp;<strong style=\"font-weight: bold;\">&ldquo;Creative Works Competition</strong>&rdquo; with<strong style=\"font-weight: bold;\">Aesthetica Magazine</strong>. He is also known for his latest project- the&nbsp;<strong style=\"font-weight: bold;\">ABSOLUT Jansen</strong>&nbsp;painting for the&nbsp;<strong style=\"font-weight: bold;\">ABSOLUT BLANK</strong>&nbsp;campaign.</p>\r\n<p style=\"min-width: 100px; max-width: 470px; line-height: 17px;\">Notable exhibition and collection include his first US exhibition at&nbsp;<strong style=\"font-weight: bold;\">Madison Square Garden</strong>&nbsp;(New York) in 1999 at the International Independent Film &amp; Video Festival, the&nbsp;<strong style=\"font-weight: bold;\">12th International Biennial for Print &amp; Drawings, Taiwan</strong>&nbsp;in 2007 at the&nbsp;<strong style=\"font-weight: bold;\">National Taiwan Museum of Fine Art</strong>, the under/current/over/view 8, at the Tampa Museum of Art (Tampa) in 2006, and the Florida Contemporaries at the&nbsp;<strong style=\"font-weight: bold;\">Naples Museum of Art&nbsp;</strong>(Naples) in 2004. Other Museums that have his works in their collection are&nbsp;<strong style=\"font-weight: bold;\">The Moscow Museum of Modern Art (MMOMA), The New Britain Museum of American Art, The Kemper Museum of Contemporary Art, and the Smithsonian Institution</strong>.</p>", "enable_comments": false}}, {"pk": 3, "model": "flatpages.flatpage", "fields": {"registration_required": false, "title": "UNIT A - Contact", "url": "/contact/", "template_name": "contact.html", "sites": [1], "content": "<p><strong>UNIT A - Contemporary Art Space</strong></p>\r\n<p>1922 Evans Avenue, Unit A<br /> Fort Myers, FL<br /> 33901</p>\r\n<div><strong>Lia Martino &nbsp;</strong><strong>(</strong>Art Consultant)</div>\r\n<div>unitaspaceconsultant at gmail dot com</div>\r\n<div>239.935.9166</div>\r\n<div><span style=\"font-family: 'News Cycle', Helvetica, Verdana, Arial, sans-serif; font-size: 13px; line-height: 20px; text-align: justify;\">(call for appointments)</span></div>\r\n<div>&nbsp;</div>\r\n<div><strong>Bob Encarnacion (</strong>Events Coordinator)</div>\r\n<div>unitaspaceinfo at gmail dot com<br /> 239.338.8449<br /> (call for appointments)</div>\r\n<div>&nbsp;</div>\r\n<div><strong>Artists Rights Society</strong></div>\r\n<div>536 Broadway, 5th Floor</div>\r\n<div>(at Spring St.)</div>\r\n<div>New York, NY 10012</div>\r\n<div>Tel: 212.420.9160</div>\r\n<div>Fax: 212.420.9288</div>\r\n<div>&nbsp;</div>\r\n<div><strong>Public Relations</strong></div>\r\n<div>Creative Concept Studios Inc.</div>\r\n<div>1440 Broadway,</div>\r\n<div>23rd. Floor,</div>\r\n<div>New York, NY 10018</div>\r\n<div>Tel: 212.582.0232</div>\r\n<div>&nbsp;</div>\r\n<div>&nbsp;</div>\r\n<p><iframe src=\"http://www.google.com/maps?f=q&amp;source=s_q&amp;hl=en&amp;geocode=&amp;q=1922+Evans+Avenue,+Fort+Myers,+FL+33901&amp;aq=&amp;sll=37.0625,-95.677068&amp;sspn=42.03917,74.267578&amp;t=m&amp;ie=UTF8&amp;hq=&amp;hnear=1922+Evans+Ave,+Fort+Myers,+Florida+33901&amp;z=14&amp;ll=26.642934,-81.860639&amp;output=embed\" frameborder=\"0\" marginwidth=\"0\" marginheight=\"0\" scrolling=\"no\" width=\"560\" height=\"315\"></iframe><br /> <small><a style=\"color: #0000ff; text-align: left;\" href=\"http://www.google.com/maps?f=q&amp;source=embed&amp;hl=en&amp;geocode=&amp;q=1922+Evans+Avenue,+Fort+Myers,+FL+33901&amp;aq=&amp;sll=37.0625,-95.677068&amp;sspn=42.03917,74.267578&amp;t=m&amp;ie=UTF8&amp;hq=&amp;hnear=1922+Evans+Ave,+Fort+Myers,+Florida+33901&amp;z=14&amp;ll=26.642934,-81.860639\">View Larger Map</a></small></p>\r\n<div>&nbsp;</div>\r\n<div>&nbsp;</div>\r\n<div>&nbsp;</div>\r\n<div><strong>Sign Up to Our Mailing List</strong><form id=\"mc-embedded-subscribe-form\" class=\"contact\" action=\"http://unitaspace.us4.list-manage.com/subscribe/post?u=5b1e2cc973b6b67717aa2fe08&amp;id=46bb19d49a\" method=\"post\" name=\"mc-embedded-subscribe-form\" target=\"_blank\">\r\n<p><label for=\"mce-EMAIL\">Email: </label> <input id=\"mce-EMAIL\" type=\"email\" name=\"EMAIL\" value=\"\" /></p>\r\n<input id=\"mc-embedded-subscribe\" type=\"submit\" name=\"subscribe\" value=\"Subscribe\" /></form>\r\n<div>&nbsp;</div>\r\n<div>Send us a direct message using the form below.</div>\r\n</div>", "enable_comments": false}}, {"pk": 4, "model": "flatpages.flatpage", "fields": {"registration_required": false, "title": "UNIT A - Editions", "url": "/editions/", "template_name": "flatpage.html", "sites": [1], "content": "<table>\r\n<tbody>\r\n<tr>\r\n<td>\r\n<p>&nbsp;</p>\r\n</td>\r\n<td>\r\n<p>&nbsp;</p>\r\n</td>\r\n<td>\r\n<p>&nbsp;</p>\r\n</td>\r\n</tr>\r\n<tr>\r\n<td><img src=\"/media/uploads/jansen_patented_pigs.jpg\" alt=\"\" /></td>\r\n<td>\r\n<p>&nbsp;</p>\r\n</td>\r\n<td>\r\n<p><strong>Patented Pigs</strong><br /> Limited Edition Gicl&eacute;e Print<br /> Edition of 50, Signed and Numbered<br /> Paper size 22x28\"</p>\r\n</td>\r\n</tr>\r\n<tr>\r\n<td><img src=\"/media/uploads/jansen_creeping_obstacles.jpg\" alt=\"\" /></td>\r\n<td>\r\n<p>&nbsp;</p>\r\n</td>\r\n<td>\r\n<p><strong>Creeping Obstacles in Texas</strong><br /> Limited Edition Gicl&eacute;e Print<br /> Edition of 80, Signed and Numbered<br /> Paper size 17x22\"</p>\r\n</td>\r\n</tr>\r\n<tr>\r\n<td><img src=\"/media/uploads/jansen_markedhomes.jpg\" alt=\"\" /></td>\r\n<td>\r\n<p>&nbsp;</p>\r\n</td>\r\n<td>\r\n<p><strong>Marked Homes</strong><br /> Limited Edition Gicl&eacute;e Print<br /> Edition of 80, Signed and Numbered<br /> Paper size 17x22\"</p>\r\n</td>\r\n</tr>\r\n<tr>\r\n<td>\r\n<p>&nbsp;</p>\r\n</td>\r\n<td>\r\n<p>&nbsp;</p>\r\n</td>\r\n<td>\r\n<p>&nbsp;</p>\r\n</td>\r\n</tr>\r\n<tr>\r\n<td><img src=\"/media/uploads/jansen_spotlight_education.jpg\" alt=\"\" /></td>\r\n<td>\r\n<p>&nbsp;</p>\r\n</td>\r\n<td>\r\n<p><strong>Spotlight on Education</strong><br /> Limited Edition Gicl&eacute;e Print<br /> Edition of 80, Signed and Numbered<br /> Paper size 17x22\"</p>\r\n</td>\r\n</tr>\r\n<tr>\r\n<td><img src=\"/media/uploads/jansen_foreclosures.jpg\" alt=\"\" /></td>\r\n<td>\r\n<p>&nbsp;</p>\r\n</td>\r\n<td>\r\n<p><strong>Foreclosures</strong><br /> Limited Edition Gicl&eacute;e Print<br /> Edition of 80, Signed and Numbered<br /> Paper size 17x22\"</p>\r\n</td>\r\n</tr>\r\n<tr>\r\n<td>\r\n<p>&nbsp;</p>\r\n</td>\r\n<td>\r\n<p>&nbsp;</p>\r\n</td>\r\n<td>\r\n<p>&nbsp;</p>\r\n</td>\r\n</tr>\r\n</tbody>\r\n</table>", "enable_comments": false}}, {"pk": 5, "model": "flatpages.flatpage", "fields": {"registration_required": false, "title": "UNIT A - Events", "url": "/events/", "template_name": "flatpage.html", "sites": [1], "content": "<h1>Upcoming&nbsp;</h1>\r\n<p style=\"min-width: 100px; max-width: 470px; line-height: 17px; font-family: 'News Cycle', Helvetica, Verdana, Arial, sans-serif; font-size: 13px; text-align: justify;\"><strong><strong>ART WALK</strong>&nbsp;OPENING RECEPTION&nbsp;</strong>- October 5th, 2012, Friday, 6-10PM</p>\r\n<p><span style=\"font-family: 'News Cycle', Helvetica, Verdana, Arial, sans-serif; font-size: 13px; line-height: 17px; text-align: justify;\">Marcus Jansen's \"Faceless\" last showcase in (Museum Room II) before traveling to Art Basel Miami Beach.&nbsp;Plus New 2012 Paintings and 3D Constructs.</span></p>\r\n<p><strong><strong>ART WALK</strong>&nbsp;OPENING RECEPTION&nbsp;</strong>- November 2 2012, Friday, 6-10PM</p>\r\n<p>UNIT A</p>\r\n<p>Marcus Jansen &nbsp;3D Constructs&nbsp;</p>\r\n<p style=\"min-width: 100px; max-width: 470px; line-height: 17px; font-family: 'News Cycle', Helvetica, Verdana, Arial, sans-serif; font-size: 13px; text-align: justify;\"><strong>GALLERI URBANE</strong></p>\r\n<p><span style=\"font-family: 'News Cycle', Helvetica, Verdana, Arial, sans-serif; font-size: 13px; line-height: 17px; text-align: justify;\">Marcus Jansen solo show at Galleri Urban in Dallas Texas. November 17. 2012</span></p>\r\n<p><strong>ART WALK &nbsp; OPENING RECEPTION ABSOLUT JANSEN</strong></p>\r\n<div><strong style=\"font-family: arial; font-size: small;\"><span style=\"font-weight: normal;\">Blush Downtown his hosting an ABSOLUT JANSEN poster signing.</span></strong></div>\r\n<div><strong style=\"font-family: arial; font-size: small;\"><span style=\"font-weight: normal;\">November 2. 2012 at Blush between 7:30 - 8:30 and again at 9:30 and 10:30pm.</span></strong></div>\r\n<div>&nbsp;</div>\r\n<div>Blush Downtown</div>\r\n<div>2115 Main St. Ft Myers.</div>\r\n<div><strong style=\"font-family: arial; font-size: small;\"><span style=\"font-weight: normal;\">Event is Free to the public!</span></strong></div>\r\n<div>&nbsp;</div>\r\n<div><img style=\"border-style: initial; border-color: initial; vertical-align: middle; border-width: 0px;\" src=\"http://www.marcusjansen.com/static/img/absolut.jpg\" alt=\"\" /></div>\r\n<p><strong>ART MIAMI - MIAMI PROJECTS</strong></p>\r\n<p>Art Basel Miami Beach - 101/Exhibit</p>\r\n<div>&nbsp;</div>\r\n<div><span style=\"font-size: 22px;\"><strong>Past Events</strong></span></div>\r\n<div>&nbsp;</div>\r\n<p style=\"min-width: 100px; max-width: 470px; line-height: 17px; font-family: 'News Cycle', Helvetica, Verdana, Arial, sans-serif; font-size: 13px; text-align: justify;\"><strong>ART PLATFORM L.A.</strong></p>\r\n<div><span style=\"font-family: 'News Cycle', Helvetica, Verdana, Arial, sans-serif; font-size: 13px; line-height: 17px; text-align: justify;\">Marcus Jansen will show with 101/Exhibit at Art Platform L.A on September 28. 2012</span><strong><strong>ART WALK</strong>&nbsp;OPENING RECEPTION&nbsp;</strong>- September 7th, 2012, Friday, 6-10PM</div>\r\n<p>New Faceless Series premiering in \"The Boardroom\" (Gallery 2)</p>\r\n<p><span class=\"Apple-style-span\" style=\"font-weight: 800;\">URBAN DECAYDENCE: VOID TO VISION</span><strong>&nbsp;</strong>- September 22nd, 2012, Saturday, 7pm SHARP</p>\r\n<p>Fundraiser benefitting THE ALLIANCE FOR THE ARTS. Capturing the impact art has on society, this edgy, dramatic, and interactive event will draw from Marcus Jansen's work through stunning visual displays and performances. Featuring a collaboration between Chef <a href=\"http://www.mwaterfrontgrille.com/chef.htm\">Brian Roland</a> of M Waterfront Grill and Sommelier <a href=\"http://twitter.com/RoseODellKing\">Rose O'Dell King</a>, creative urban cuisine and tantalizing wine pairings with culminate with a dessert finale by <a href=\"http://www.normanloveconfections.com\">Norman Love</a>. Guest performance by <a href=\"http://twothreenine.com/2012/02/mixed-accompany-a-rising-band-with-a-mix-of-jazz-dixieland-and-indie-rock-as-their-backbone/\">Mixed Accompany</a>.&nbsp;</p>\r\n<p>For more information and to purchase tickets contact The Alliance at <a href=\"http://www.artinlee.org\">www.artinlee.org</a> or call 239.939.2787.</p>\r\n<p>&nbsp;</p>\r\n<p><strong>GRAND OPENING</strong> - March 2, 2012, Friday, 6-10PM</p>\r\n<p><strong>ART WALK</strong>&nbsp;- April 6, 2012, Friday, 6-10PM</p>\r\n<p><strong>WINED DOWN</strong>&nbsp;- April 28th, 2012, Saturday, 3-4PM</p>\r\n<p>Artist Talk during the Alliance for the Arts 1st Annual Artists Studio Tour&nbsp;</p>\r\n<p><strong>ART WALK</strong>&nbsp;<strong>OPENING RECEPTION&nbsp;</strong>- May 4th, 2012, Friday, 6-10PM</p>\r\n<p>Showcasing ALL NEW 2012 small works in the VIP Exhibition Room</p>\r\n<p>New Absolut Jansen Posters available during exhibition</p>\r\n<p><strong>EXPERIENCE SONIC COMBINE</strong>&nbsp;- May 17th, 2012, Thursday, 7PM</p>\r\n<p>Request an invitation</p>\r\n<p>unitaspaceinfo at gmail dot com,&nbsp;</p>\r\n<p><strong>ART WALK</strong>&nbsp;<strong>OPENING RECEPTION&nbsp;</strong>- June 1st, 2012, Friday, 6-10PM</p>\r\n<p>New 2012 Small Works in front exhibition spaces.</p>\r\n<p>Permanent Collection as well as new 3D works in Large Exhibition Rooms A and B.</p>\r\n<p><strong><strong>ART WALK</strong>&nbsp;OPENING RECEPTION&nbsp;</strong>- July 6th, 2012, Friday, 6-10PM</p>\r\n<p>New 2012 works and Live Jazz performed by Matthew Hembling.</p>\r\n<p><strong><strong>ART WALK</strong>&nbsp;OPENING RECEPTION&nbsp;</strong>-&nbsp;August 3rd, 2012, Friday, 6-10PM</p>\r\n<p>New 2012 Paintings and 3D works</p>\r\n<p>Live Music performed by Matthew Hembling</p>", "enable_comments": false}}, {"pk": 2, "model": "flatpages.flatpage", "fields": {"registration_required": false, "title": "Patrons", "url": "/patrons/", "template_name": "patrons.html", "sites": [1], "content": "<p>&nbsp;</p>\r\n<table class=\"patron_table cke_show_border\">\r\n<tbody>\r\n<tr><th><input type=\"radio\" name=\"amount\" value=\"25.00\" />&nbsp;<label>$25</label></th><th><input type=\"radio\" name=\"amount\" value=\"50.00\" />&nbsp;<label>$50</label></th><th><input type=\"radio\" name=\"amount\" value=\"75.00\" />&nbsp;<label>$75</label></th><th><input type=\"radio\" name=\"amount\" value=\"95.00\" />&nbsp;<label>$95</label></th></tr>\r\n<tr>\r\n<td><strong>Student</strong><small>&nbsp;(must present student ID)</small></td>\r\n<td><strong>Teacher/Artist</strong></td>\r\n<td><strong>Individual</strong></td>\r\n<td><strong>Family</strong></td>\r\n</tr>\r\n<tr>\r\n<td>\r\n<ul>\r\n<li>Advanced mailings of special events and exhibitions</li>\r\n<li>Subscription to the &ldquo;Marcus Jansen&rdquo; e-newsletter</li>\r\n<li>10% discount at UNIT A</li>\r\n<li>10% discount on tickets purchased for events presented by UNIT A - Contemporary Art Space.</li>\r\n<li>Invitation to VIP receptions and meet the artist receptions</li>\r\n<li>Members only VIP reception</li>\r\n</ul>\r\n</td>\r\n<td>\r\n<ul>\r\n<li>Advanced mailings of special events and exhibitions</li>\r\n<li>Subscription to the &ldquo;Marcus Jansen&rdquo; e-newsletter</li>\r\n<li>10% discount at UNIT A</li>\r\n<li>10% discount on tickets purchased for events presented by UNIT A - Contemporary Art Space.</li>\r\n<li>Invitation to VIP receptions and meet the artist receptions</li>\r\n<li>Members only VIP reception</li>\r\n</ul>\r\n</td>\r\n<td>\r\n<ul>\r\n<li>Advanced mailings of special events and exhibitions</li>\r\n<li>Subscription to the &ldquo;Marcus Jansen&rdquo; e-newsletter</li>\r\n<li>10% discount at UNIT A</li>\r\n<li>10% discount on tickets purchased for events presented by UNIT A - Contemporary Art Space.</li>\r\n<li>Invitation to VIP receptions and meet the artist receptions</li>\r\n<li>Members only VIP reception</li>\r\n</ul>\r\n</td>\r\n<td>\r\n<ul>\r\n<li>Advanced mailings of special events and exhibitions</li>\r\n<li>Subscription to the &ldquo;Marcus Jansen&rdquo; e-newsletter</li>\r\n<li>10% discount at UNIT A</li>\r\n<li>10% discount on tickets purchased for events presented by UNIT A - Contemporary Art Space.</li>\r\n<li>Invitation to VIP receptions and meet the artist receptions</li>\r\n<li>Members only VIP reception</li>\r\n</ul>\r\n</td>\r\n</tr>\r\n</tbody>\r\n</table>\r\n<table class=\"patron_table cke_show_border\">\r\n<tbody>\r\n<tr><th><input type=\"radio\" name=\"amount\" value=\"300.00\" />&nbsp;<label>$300</label></th><th><input type=\"radio\" name=\"amount\" value=\"600.00\" />&nbsp;<label>$600</label></th><th><input type=\"radio\" name=\"amount\" value=\"1000.00\" />&nbsp;<label>$1.000</label></th></tr>\r\n<tr>\r\n<td><strong>Patron&nbsp;</strong><small>(Individual or Business)</small></td>\r\n<td><strong>Patron Circle&nbsp;</strong><small>(Individual or Business)</small></td>\r\n<td><strong>Corporate Sponsor</strong></td>\r\n<td>&nbsp;</td>\r\n</tr>\r\n<tr>\r\n<td>\r\n<ul>\r\n<li>Benefits same as Individual Membership plus</li>\r\n<li>10% discount at UNIT A</li>\r\n<li>Two free tickets to any event presented by UNIT A - Contemporary Art Space during the season.</li>\r\n</ul>\r\n</td>\r\n<td>\r\n<ul>\r\n<li>Benefits same as Individual Membership plus</li>\r\n<li>15% discount at UNIT A.</li>\r\n<li>Two free tickets to any event presented by UNIT A - Contemporary Art Space</li>\r\n</ul>\r\n</td>\r\n<td>\r\n<ul>\r\n<li>Benefits same as Individual Membership plus</li>\r\n<li>15% discount at UNIT A.</li>\r\n<li>Four free tickets to any event presented by UNIT A- Contemporary Art Space during the season</li>\r\n<li>Recognition in select publications and electronic media</li>\r\n<li>Recognition and logo placement on our web site</li>\r\n</ul>\r\n</td>\r\n</tr>\r\n</tbody>\r\n</table>", "enable_comments": false}}, {"pk": 6, "model": "flatpages.flatpage", "fields": {"registration_required": false, "title": "UNIT A - Rentals", "url": "/rentals/", "template_name": "flatpage.html", "sites": [1], "content": "<p><strong>UNIT A</strong>&nbsp;- Contemporary Art Space, is located in sunny Historic Downtown Fort Myers Florida and has over 7000sqft of industrial contemporary art space. It is the largest and only cutting edge art space of it&rsquo;s kind in Fort Myers and the SW Florida region. It is the open studio Gallery space of Amerucan Painter Marcus A. Jansen.</p>\r\n<p><strong>RENTAL TIMES/FEES</strong></p>\r\n<p>UNIT A - Contemporary Art Space is available for rent from 9am-10pm, Monday-Saturday, 10am-5pm, Sundays except every first Friday of the month. Space is based on availability.</p>\r\n<p>Contact UNIT A Events Coordinator Bob Encarnacion at unitaspaceevents at gmail dot com for more info and rental agreement.</p>", "enable_comments": false}}, {"pk": 7, "model": "flatpages.flatpage", "fields": {"registration_required": false, "title": "UNIT A - Review", "url": "/review/", "template_name": "flatpage.html", "sites": [1], "content": "<p><strong>NEW AMERICAN PAINTINGS NO. 94</strong></p>\r\n<p>There is something distinctly apocalyptic about Marcus Jansen&rsquo;s paintings, which characteristically depict interiors that have been opened to the outside, often by way of an absent or partly shattered ceiling, but also by an ambiguous depiction of space itself. The rooms in his pictures are blocked in with slab-like planes of paint, which often seem to dwarf the solitary figure huddled inside. Very often the viewer has the impression that multiple spaces are crowded into one frame, vying for attention while also partly canceling each other out. What holds the compositions together are their strongly rectilinear structures, as well as the artist&rsquo;s expressionistic paint handling. Through this combination of the familiar and the impossible, Jansen suggests a future in which all of the creature comforts that we take for granted may end up collapsing before our eyes.</p>\r\n<p><em>Dan Cameron, (Chief Curator at the Orange County Museum of Art)</em></p>\r\n<p style=\"margin: 0.0px 0.0px 0.0px 0.0px; font: 12.0px Helvetica;\">&nbsp;</p>\r\n<p style=\"margin: 0.0px 0.0px 0.0px 0.0px; font: 12.0px Helvetica;\">&nbsp;</p>\r\n<table style=\"border-collapse: collapse; -webkit-border-horizontal-spacing: 0px; -webkit-border-vertical-spacing: 0px;\">\r\n<tbody>\r\n<tr>\r\n<td style=\"vertical-align: top;\"><img style=\"border-style: initial; border-color: initial; vertical-align: middle; border-width: 0px;\" src=\"http://unitaspace.com/static/uploads/jansen_nap_2011.jpg\" alt=\"\" /></td>\r\n<td style=\"vertical-align: top;\">\r\n<p style=\"min-width: 100px; max-width: 470px; line-height: 17px;\">&nbsp;</p>\r\n</td>\r\n</tr>\r\n</tbody>\r\n</table>\r\n<p>&nbsp;</p>", "enable_comments": false}}, {"pk": 8, "model": "flatpages.flatpage", "fields": {"registration_required": false, "title": "UNIT A - Shop", "url": "/shop/", "template_name": "flatpage.html", "sites": [1], "content": "<table>\r\n<tbody>\r\n<tr>\r\n<td><img src=\"http://unitaspace.com/static/uploads/jansen_absolutbottle_2011.jpg\" alt=\"\" /></td>\r\n<td>\r\n<p>&nbsp;</p>\r\n</td>\r\n<td>\r\n<p><strong>ABSOLUT JANSEN</strong><br /> Absolut Blank 2011<br /> Published by UNIT A</p>\r\n</td>\r\n<td>\r\n<p>&nbsp;</p>\r\n</td>\r\n<td>\r\n<p>Price: <strong>$25</strong><br /> 18x24\" poster</p>\r\n<form action=\"https://www.paypal.com/cgi-bin/webscr\" method=\"post\" name=\"_xclick\"><input type=\"hidden\" name=\"cmd\" value=\"_xclick\" /> <input type=\"hidden\" name=\"business\" value=\"unitaspaceinfo@gmail.com\" /> <input type=\"hidden\" name=\"currency_code\" value=\"USD\" /> <input type=\"hidden\" name=\"item_name\" value=\"Macrus Jansen - Absolut Jansen - Bottle Print 2011\" /> <input type=\"hidden\" name=\"amount\" value=\"25\" /> <input type=\"image\" name=\"submit\" src=\"http://www.paypal.com/en_US/i/btn/btn_buynow_SM.gif\" alt=\"Make payments with PayPal - it's fast, free and secure!\" /></form>\r\n<p>&nbsp;</p>\r\n<p>&nbsp;</p>\r\n</td>\r\n</tr>\r\n<tr>\r\n<td>\r\n<p>&nbsp;</p>\r\n</td>\r\n<td>\r\n<p>&nbsp;</p>\r\n</td>\r\n<td>\r\n<p>&nbsp;</p>\r\n</td>\r\n</tr>\r\n<tr>\r\n<td><img style=\"width: 200px; height: 259px;\" src=\"http://unitaspace.com/static/uploads/jansen_dvd_2011.jpg\" alt=\"\" /></td>\r\n<td>\r\n<p>&nbsp;</p>\r\n</td>\r\n<td>\r\n<p><strong>Marcus Jansen - A Painters Allegory</strong> <small>30min, DVD</small><br /> Documentary, 2011</p>\r\n</td>\r\n<td>\r\n<p>&nbsp;</p>\r\n</td>\r\n<td>\r\n<p>Price: <strong>$35</strong></p>\r\n<form action=\"https://www.paypal.com/cgi-bin/webscr\" method=\"post\" name=\"_xclick\"><input type=\"hidden\" name=\"cmd\" value=\"_xclick\" /> <input type=\"hidden\" name=\"business\" value=\"unitaspaceinfo@gmail.com\" /> <input type=\"hidden\" name=\"currency_code\" value=\"USD\" /> <input type=\"hidden\" name=\"item_name\" value=\"Macrus Jansen - A Painters Allegory - DVD 2011\" /> <input type=\"hidden\" name=\"amount\" value=\"35\" /> <input type=\"image\" name=\"submit\" src=\"http://www.paypal.com/en_US/i/btn/btn_buynow_SM.gif\" alt=\"Make payments with PayPal - it's fast, free and secure!\" /></form></td>\r\n</tr>\r\n<tr>\r\n<td>\r\n<p>&nbsp;</p>\r\n</td>\r\n<td>\r\n<p>&nbsp;</p>\r\n</td>\r\n<td>\r\n<p>&nbsp;</p>\r\n</td>\r\n</tr>\r\n<tr>\r\n<td><img src=\"http://unitaspace.com/static/uploads/jansen_nw_2011.jpg\" alt=\"\" /></td>\r\n<td>\r\n<p>&nbsp;</p>\r\n</td>\r\n<td>\r\n<p><strong>Marcus Jansen - New Work</strong> <small>Softcover, 36 pages</small><br /> Text By: Veron Ennis &amp; Donald Miller, Art Historian<br /> Limited Edition 500ea.<br /> Signed catalog<br /> Published by 101/exhibit Press 2011<br /> <small>ISBN 978-0-615-56339-8</small></p>\r\n</td>\r\n<td>\r\n<p>&nbsp;</p>\r\n</td>\r\n<td>\r\n<p>Price: <strong>$60</strong></p>\r\n<form action=\"https://www.paypal.com/cgi-bin/webscr\" method=\"post\" name=\"_xclick\"><input type=\"hidden\" name=\"cmd\" value=\"_xclick\" /> <input type=\"hidden\" name=\"business\" value=\"unitaspaceinfo@gmail.com\" /> <input type=\"hidden\" name=\"currency_code\" value=\"USD\" /> <input type=\"hidden\" name=\"item_name\" value=\"Macrus Jansen - New Work - Catalog 2011\" /> <input type=\"hidden\" name=\"amount\" value=\"60\" /> <input type=\"image\" name=\"submit\" src=\"http://www.paypal.com/en_US/i/btn/btn_buynow_SM.gif\" alt=\"Make payments with PayPal - it's fast, free and secure!\" /></form></td>\r\n</tr>\r\n<tr>\r\n<td>\r\n<p>&nbsp;</p>\r\n</td>\r\n<td>\r\n<p>&nbsp;</p>\r\n</td>\r\n<td>\r\n<p>&nbsp;</p>\r\n</td>\r\n</tr>\r\n<tr>\r\n<td><img src=\"http://unitaspace.com/static/uploads/jansen_nw_2010.jpg\" alt=\"\" /></td>\r\n<td>\r\n<p>&nbsp;</p>\r\n</td>\r\n<td>\r\n<p><strong>Marcus Jansen - Malerei/Paintings</strong> <small>Softcover, 36 pages</small><br /> Text By: Cindy Jane &amp; Adam Wolfson<br /> Limited Edition 500ea<br /> Signed catalog<br /> Published by 101/exhibit Press 2010<br /> <small>ISBN 978-1-4507-4114-9</small></p>\r\n</td>\r\n<td>\r\n<p>&nbsp;</p>\r\n</td>\r\n<td>\r\n<p>Price: <strong>$60</strong></p>\r\n<form action=\"https://www.paypal.com/cgi-bin/webscr\" method=\"post\" name=\"_xclick\"><input type=\"hidden\" name=\"cmd\" value=\"_xclick\" /> <input type=\"hidden\" name=\"business\" value=\"unitaspaceinfo@gmail.com\" /> <input type=\"hidden\" name=\"currency_code\" value=\"USD\" /> <input type=\"hidden\" name=\"item_name\" value=\"Macrus Jansen - Malerei/Paintings - Catalog 2010\" /> <input type=\"hidden\" name=\"amount\" value=\"60\" /> <input type=\"image\" name=\"submit\" src=\"http://www.paypal.com/en_US/i/btn/btn_buynow_SM.gif\" alt=\"Make payments with PayPal - it's fast, free and secure!\" /></form></td>\r\n</tr>\r\n<tr>\r\n<td>\r\n<p>&nbsp;</p>\r\n</td>\r\n<td>\r\n<p>&nbsp;</p>\r\n</td>\r\n<td>\r\n<p>&nbsp;</p>\r\n</td>\r\n</tr>\r\n<tr>\r\n<td><img src=\"http://unitaspace.com/static/uploads/jansen_nap_2011.jpg\" alt=\"\" /></td>\r\n<td>\r\n<p>&nbsp;</p>\r\n</td>\r\n<td>\r\n<p><strong>New American Paintings</strong> <small>188 pages</small><br /> Text By: Dan Cameron<br /> Signed by the artist edition of 20ea<br /> Volume 16, Issue 3<br /> The Open Studio Press 2011<br /> <small>ISSN 1066-2235</small></p>\r\n</td>\r\n<td>\r\n<p>&nbsp;</p>\r\n</td>\r\n<td>\r\n<p>Price: <span style=\"color: #f00;\"><strong>SOLD OUT</strong></span></p>\r\n<form action=\"https://www.paypal.com/cgi-bin/webscr\" method=\"post\" name=\"_xclick\"><input type=\"hidden\" name=\"cmd\" value=\"_xclick\" /> <input type=\"hidden\" name=\"business\" value=\"unitaspaceinfo@gmail.com\" /> <input type=\"hidden\" name=\"currency_code\" value=\"USD\" /> <input type=\"hidden\" name=\"item_name\" value=\"New American Paintings - Volume 16, Issue 3\" /> <input type=\"hidden\" name=\"amount\" value=\"100\" /> <input type=\"image\" name=\"submit\" src=\"http://www.paypal.com/en_US/i/btn/btn_buynow_SM.gif\" alt=\"Make payments with PayPal - it's fast, free and secure!\" /></form></td>\r\n</tr>\r\n<tr>\r\n<td>\r\n<p>&nbsp;</p>\r\n</td>\r\n<td>\r\n<p>&nbsp;</p>\r\n</td>\r\n<td>\r\n<p>&nbsp;</p>\r\n</td>\r\n</tr>\r\n<tr>\r\n<td><img src=\"http://unitaspace.com/static/uploads/jansen_book.jpg\" alt=\"\" /></td>\r\n<td>\r\n<p>&nbsp;</p>\r\n</td>\r\n<td>\r\n<p><strong>Modern Urban-Expressionism</strong> <small>151 pages, hardcover</small><br /> Text by Jerome A. Donson and Gerri Reaves Ph.D.<br /> Signed by the artist edition of 1000ea<br /> Published by American Art Gallery, Paris, France<br /> <small>ISBN 978-0-6151-3372-0</small></p>\r\n</td>\r\n<td>\r\n<p>&nbsp;</p>\r\n</td>\r\n<td>\r\n<p>Price: <strong>$100</strong></p>\r\n<form action=\"https://www.paypal.com/cgi-bin/webscr\" method=\"post\" name=\"_xclick\"><input type=\"hidden\" name=\"cmd\" value=\"_xclick\" /> <input type=\"hidden\" name=\"business\" value=\"unitaspaceinfo@gmail.com\" /> <input type=\"hidden\" name=\"currency_code\" value=\"USD\" /> <input type=\"hidden\" name=\"item_name\" value=\"Marcus Jansen - Modern Urban-Expressionism - Book\" /> <input type=\"hidden\" name=\"amount\" value=\"100\" /> <input type=\"image\" name=\"submit\" src=\"http://www.paypal.com/en_US/i/btn/btn_buynow_SM.gif\" alt=\"Make payments with PayPal - it's fast, free and secure!\" /></form></td>\r\n</tr>\r\n<tr>\r\n<td>\r\n<p>&nbsp;</p>\r\n</td>\r\n<td>\r\n<p>&nbsp;</p>\r\n</td>\r\n<td>\r\n<p>&nbsp;</p>\r\n</td>\r\n</tr>\r\n</tbody>\r\n</table>\r\n<p>&nbsp;</p>", "enable_comments": false}}, {"pk": 9, "model": "flatpages.flatpage", "fields": {"registration_required": false, "title": "UNIT A - Video", "url": "/video/", "template_name": "flatpage.html", "sites": [1], "content": "<p><iframe src=\"http://www.youtube.com/embed/E1hzWsuKxHE\" frameborder=\"0\" width=\"560\" height=\"315\"></iframe></p>\r\n<p><iframe src=\"http://www.youtube.com/embed/TBACKX7qkCs\" frameborder=\"0\" width=\"560\" height=\"410\"></iframe></p>\r\n<p><iframe src=\"http://www.youtube.com/embed/X6VHRTK61EI\" frameborder=\"0\" width=\"560\" height=\"315\"></iframe></p>", "enable_comments": false}}, {"pk": 1, "model": "collection.artist", "fields": {"name": "Marcus Jansen"}}, {"pk": 1, "model": "collection.collection", "fields": {"description": "<p>Marcus Jansen</p>", "artist": 1, "created": "2012-10-04", "order": 1, "slug": "marcus-jansen", "is_private": false, "name": "Marcus Jansen"}}, {"pk": 2, "model": "collection.collection", "fields": {"description": "<p>private</p>", "artist": 1, "created": "2012-10-04", "order": 2, "slug": "private", "is_private": true, "name": "Private"}}, {"pk": 1, "model": "collection.image", "fields": {"description": "<p>Controlled Chaos</p>", "created": "2012-10-04", "photo": "photos/CONTROLLED-CHAOS.jpg", "collection": 2, "order": 1, "slug": "controlled-chaos", "name": "Controlled Chaos"}}, {"pk": 2, "model": "collection.image", "fields": {"description": "<p>Controlled Chaos</p>", "created": "2012-10-04", "photo": "photos/CONTROLLED-CHAOS_1.jpg", "collection": 1, "order": 1, "slug": "controlled-chaos", "name": "Controlled Chaos"}}, {"pk": 3, "model": "collection.image", "fields": {"description": "<p><em>Foreclosures</em></p>", "created": "2012-10-05", "photo": "photos/foreclsoures.jpg", "collection": 1, "order": 2, "slug": "foreclosures", "name": "Foreclosures"}}, {"pk": 4, "model": "collection.image", "fields": {"description": "<p><em>Marked Homes</em></p>", "created": "2012-10-05", "photo": "photos/marked-homes.jpg", "collection": 1, "order": 3, "slug": "marked-homes", "name": "Marked Homes"}}, {"pk": 5, "model": "collection.image", "fields": {"description": "<p><em>Plots and Influential Friends</em></p>", "created": "2012-10-05", "photo": "photos/media-influences.jpg", "collection": 1, "order": 4, "slug": "plots-and-influential-friends", "name": "Plots and Influential Friends"}}, {"pk": 6, "model": "collection.image", "fields": {"description": "<p><em>Secret Gardens</em></p>", "created": "2012-10-05", "photo": "photos/secretgardens.jpg", "collection": 1, "order": 5, "slug": "secret-gardens", "name": "Secret Gardens"}}, {"pk": 7, "model": "collection.image", "fields": {"description": "<p><em>The Stairway</em></p>", "created": "2012-10-05", "photo": "photos/ac-the-stairway.jpg", "collection": 1, "order": 6, "slug": "the-stairway", "name": "The Stairway"}}, {"pk": 8, "model": "collection.image", "fields": {"description": "<p><em>Doghouse</em></p>", "created": "2012-10-05", "photo": "photos/doghouse.jpg", "collection": 1, "order": 7, "slug": "doghouse", "name": "Doghouse"}}, {"pk": 9, "model": "collection.image", "fields": {"description": "<p><em>the final walk</em></p>", "created": "2012-10-05", "photo": "photos/the-final-walk.jpg", "collection": 1, "order": 8, "slug": "the-final-walk", "name": "the final walk"}}, {"pk": 10, "model": "collection.image", "fields": {"description": "<p><em>Friendly Fire</em></p>", "created": "2012-10-05", "photo": "photos/3D-1.jpg", "collection": 1, "order": 9, "slug": "friendly-fire", "name": "Friendly Fire"}}, {"pk": 11, "model": "collection.image", "fields": {"description": "<p><em>Battlefield</em></p>", "created": "2012-10-05", "photo": "photos/Paintings-56.jpg", "collection": 1, "order": 10, "slug": "battlefield", "name": "Battlefield"}}, {"pk": 12, "model": "collection.image", "fields": {"description": "<p><em>When the Cowboys came</em></p>", "created": "2012-10-05", "photo": "photos/Paintings-54.jpg", "collection": 1, "order": 11, "slug": "when-the-cowboys-came", "name": "When the Cowboys came"}}, {"pk": 13, "model": "collection.image", "fields": {"description": "<p><em>Imminent Threat</em></p>", "created": "2012-10-05", "photo": "photos/Paintings-55.jpg", "collection": 1, "order": 12, "slug": "imminent-threat", "name": "Imminent Threat"}}, {"pk": 14, "model": "collection.image", "fields": {"description": "<p><em>Eagle on False Flag</em></p>", "created": "2012-10-05", "photo": "photos/Paintings-60.jpg", "collection": 1, "order": 13, "slug": "eagle-on-false-flag", "name": "Eagle on False Flag"}}, {"pk": 15, "model": "collection.image", "fields": {"description": "<p><em>Obscure Lines</em></p>", "created": "2012-10-05", "photo": "photos/OBSCURE_LINES.jpg", "collection": 1, "order": 14, "slug": "obscure-lines", "name": "Obscure Lines"}}, {"pk": 16, "model": "collection.image", "fields": {"description": "<p><em>welcome to tora bora</em></p>", "created": "2012-10-05", "photo": "photos/welcome_to_tora_bora.jpg", "collection": 1, "order": 15, "slug": "welcome-to-tora-bora", "name": "welcome to tora bora"}}, {"pk": 17, "model": "collection.image", "fields": {"description": "<p><em>War games</em></p>", "created": "2012-10-05", "photo": "photos/war_games.jpg", "collection": 1, "order": 16, "slug": "war-games", "name": "War games"}}, {"pk": 18, "model": "collection.image", "fields": {"description": "<p><em>War Room with red bench</em></p>", "created": "2012-10-05", "photo": "photos/war_room.jpg", "collection": 1, "order": 17, "slug": "war-room-with-red-bench", "name": "War Room with red bench"}}, {"pk": 2, "model": "core.menuitem", "fields": {"url": "/collection/", "order": 1, "title": "collection"}}, {"pk": 1, "model": "core.menuitem", "fields": {"url": "/about/", "order": 2, "title": "About "}}, {"pk": 5, "model": "core.menuitem", "fields": {"url": "/events/", "order": 3, "title": "Events"}}, {"pk": 6, "model": "core.menuitem", "fields": {"url": "/review/", "order": 4, "title": "Review"}}, {"pk": 7, "model": "core.menuitem", "fields": {"url": "/video/", "order": 5, "title": "Video"}}, {"pk": 8, "model": "core.menuitem", "fields": {"url": "/editions/", "order": 6, "title": "Editions"}}, {"pk": 9, "model": "core.menuitem", "fields": {"url": "/rentals/", "order": 7, "title": "Rentals"}}, {"pk": 10, "model": "core.menuitem", "fields": {"url": "/shop/", "order": 8, "title": "Shop"}}, {"pk": 4, "model": "core.menuitem", "fields": {"url": "/patrons/", "order": 9, "title": "Patrons"}}, {"pk": 3, "model": "core.menuitem", "fields": {"url": "/contact/", "order": 10, "title": "Contact"}}, {"pk": 11, "model": "core.menuitem", "fields": {"url": "http://www.facebook.com/pages/UNIT-A-Contemporary-Art-Space/197246903720786?ref=hl", "order": 11, "title": "Facebook"}}, {"pk": 1, "model": "splash.splash", "fields": {"text": "<h1>Unit A</h1>\r\n<p><span>contemporary art space</span></p>", "image": "uploads/dsc_4125_unita.jpg"}}, {"pk": 1, "model": "south.migrationhistory", "fields": {"applied": "2012-10-02T14:25:46.473Z", "app_name": "photologue", "migration": "0001_initial"}}, {"pk": 2, "model": "south.migrationhistory", "fields": {"applied": "2012-10-02T14:25:47.602Z", "app_name": "photologue", "migration": "0002_auto__chg_field_gallery_title__chg_field_galleryupload_title__chg_fiel"}}, {"pk": 3, "model": "south.migrationhistory", "fields": {"applied": "2012-10-02T14:25:48.035Z", "app_name": "photologue", "migration": "0003_auto__chg_field_photosize_name"}}, {"pk": 4, "model": "south.migrationhistory", "fields": {"applied": "2012-10-04T08:57:21.273Z", "app_name": "easy_thumbnails", "migration": "0001_initial"}}, {"pk": 5, "model": "south.migrationhistory", "fields": {"applied": "2012-10-04T08:57:22.400Z", "app_name": "easy_thumbnails", "migration": "0002_filename_indexes"}}, {"pk": 6, "model": "south.migrationhistory", "fields": {"applied": "2012-10-04T08:57:23.168Z", "app_name": "easy_thumbnails", "migration": "0003_auto__add_storagenew"}}, {"pk": 7, "model": "south.migrationhistory", "fields": {"applied": "2012-10-04T08:57:25.447Z", "app_name": "easy_thumbnails", "migration": "0004_auto__add_field_source_storage_new__add_field_thumbnail_storage_new"}}, {"pk": 8, "model": "south.migrationhistory", "fields": {"applied": "2012-10-04T08:57:28.090Z", "app_name": "easy_thumbnails", "migration": "0005_storage_fks_null"}}, {"pk": 9, "model": "south.migrationhistory", "fields": {"applied": "2012-10-04T08:57:28.260Z", "app_name": "easy_thumbnails", "migration": "0006_copy_storage"}}, {"pk": 10, "model": "south.migrationhistory", "fields": {"applied": "2012-10-04T08:57:30.625Z", "app_name": "easy_thumbnails", "migration": "0007_storagenew_fks_not_null"}}, {"pk": 11, "model": "south.migrationhistory", "fields": {"applied": "2012-10-04T08:57:32.561Z", "app_name": "easy_thumbnails", "migration": "0008_auto__del_field_source_storage__del_field_thumbnail_storage"}}, {"pk": 12, "model": "south.migrationhistory", "fields": {"applied": "2012-10-04T08:57:33.103Z", "app_name": "easy_thumbnails", "migration": "0009_auto__del_storage"}}, {"pk": 13, "model": "south.migrationhistory", "fields": {"applied": "2012-10-04T08:57:34.864Z", "app_name": "easy_thumbnails", "migration": "0010_rename_storage"}}, {"pk": 14, "model": "south.migrationhistory", "fields": {"applied": "2012-10-04T08:57:36.609Z", "app_name": "easy_thumbnails", "migration": "0011_auto__add_field_source_storage_hash__add_field_thumbnail_storage_hash"}}, {"pk": 15, "model": "south.migrationhistory", "fields": {"applied": "2012-10-04T08:57:36.803Z", "app_name": "easy_thumbnails", "migration": "0012_build_storage_hashes"}}, {"pk": 16, "model": "south.migrationhistory", "fields": {"applied": "2012-10-04T08:57:39.086Z", "app_name": "easy_thumbnails", "migration": "0013_auto__del_storage__del_field_source_storage__del_field_thumbnail_stora"}}, {"pk": 17, "model": "south.migrationhistory", "fields": {"applied": "2012-10-04T08:57:39.861Z", "app_name": "easy_thumbnails", "migration": "0014_auto__add_unique_source_name_storage_hash__add_unique_thumbnail_name_s"}}, {"pk": 18, "model": "south.migrationhistory", "fields": {"applied": "2012-10-04T08:57:41.108Z", "app_name": "easy_thumbnails", "migration": "0015_auto__del_unique_thumbnail_name_storage_hash__add_unique_thumbnail_sou"}}, {"pk": 1, "model": "easy_thumbnails.source", "fields": {"name": "photos/marked-homes.jpg", "storage_hash": "f9bde26a1556cd667f742bd34ec7c55e", "modified": "2012-10-05T12:32:38.913Z"}}, {"pk": 2, "model": "easy_thumbnails.source", "fields": {"name": "photos/CONTROLLED-CHAOS.jpg", "storage_hash": "f9bde26a1556cd667f742bd34ec7c55e", "modified": "2012-10-04T09:06:11.426Z"}}, {"pk": 3, "model": "easy_thumbnails.source", "fields": {"name": "photos/foreclsoures.jpg", "storage_hash": "f9bde26a1556cd667f742bd34ec7c55e", "modified": "2012-10-05T12:44:13.877Z"}}, {"pk": 4, "model": "easy_thumbnails.source", "fields": {"name": "photos/tulips.jpg", "storage_hash": "f9bde26a1556cd667f742bd34ec7c55e", "modified": "2012-10-04T09:12:00.934Z"}}, {"pk": 5, "model": "easy_thumbnails.source", "fields": {"name": "photos/ac-the-stairway.jpg", "storage_hash": "f9bde26a1556cd667f742bd34ec7c55e", "modified": "2012-10-05T12:35:13.589Z"}}, {"pk": 6, "model": "easy_thumbnails.source", "fields": {"name": "photos/CONTROLLED-CHAOS_1.jpg", "storage_hash": "f9bde26a1556cd667f742bd34ec7c55e", "modified": "2012-10-04T14:32:36.706Z"}}, {"pk": 7, "model": "easy_thumbnails.source", "fields": {"name": "photos/media-influences.jpg", "storage_hash": "f9bde26a1556cd667f742bd34ec7c55e", "modified": "2012-10-05T12:34:18.833Z"}}, {"pk": 8, "model": "easy_thumbnails.source", "fields": {"name": "photos/secretgardens.jpg", "storage_hash": "f9bde26a1556cd667f742bd34ec7c55e", "modified": "2012-10-05T12:34:44.373Z"}}, {"pk": 9, "model": "easy_thumbnails.source", "fields": {"name": "photos/doghouse.jpg", "storage_hash": "f9bde26a1556cd667f742bd34ec7c55e", "modified": "2012-10-05T12:36:45.345Z"}}, {"pk": 10, "model": "easy_thumbnails.source", "fields": {"name": "photos/the-final-walk.jpg", "storage_hash": "f9bde26a1556cd667f742bd34ec7c55e", "modified": "2012-10-05T12:37:15.849Z"}}, {"pk": 11, "model": "easy_thumbnails.source", "fields": {"name": "photos/3D-1.jpg", "storage_hash": "f9bde26a1556cd667f742bd34ec7c55e", "modified": "2012-10-05T12:39:12.405Z"}}, {"pk": 12, "model": "easy_thumbnails.source", "fields": {"name": "photos/Paintings-56.jpg", "storage_hash": "f9bde26a1556cd667f742bd34ec7c55e", "modified": "2012-10-05T12:39:46.245Z"}}, {"pk": 13, "model": "easy_thumbnails.source", "fields": {"name": "photos/Paintings-54.jpg", "storage_hash": "f9bde26a1556cd667f742bd34ec7c55e", "modified": "2012-10-05T12:40:26.857Z"}}, {"pk": 14, "model": "easy_thumbnails.source", "fields": {"name": "photos/Paintings-55.jpg", "storage_hash": "f9bde26a1556cd667f742bd34ec7c55e", "modified": "2012-10-05T12:40:49.053Z"}}, {"pk": 15, "model": "easy_thumbnails.source", "fields": {"name": "photos/Paintings-60.jpg", "storage_hash": "f9bde26a1556cd667f742bd34ec7c55e", "modified": "2012-10-05T12:41:16.805Z"}}, {"pk": 16, "model": "easy_thumbnails.source", "fields": {"name": "photos/OBSCURE_LINES.jpg", "storage_hash": "f9bde26a1556cd667f742bd34ec7c55e", "modified": "2012-10-05T12:41:47.717Z"}}, {"pk": 17, "model": "easy_thumbnails.source", "fields": {"name": "photos/welcome_to_tora_bora.jpg", "storage_hash": "f9bde26a1556cd667f742bd34ec7c55e", "modified": "2012-10-05T12:42:18.669Z"}}, {"pk": 18, "model": "easy_thumbnails.source", "fields": {"name": "photos/war_games.jpg", "storage_hash": "f9bde26a1556cd667f742bd34ec7c55e", "modified": "2012-10-05T12:42:43.745Z"}}, {"pk": 19, "model": "easy_thumbnails.source", "fields": {"name": "photos/war_room.jpg", "storage_hash": "f9bde26a1556cd667f742bd34ec7c55e", "modified": "2012-10-05T12:43:11.165Z"}}, {"pk": 1, "model": "easy_thumbnails.thumbnail", "fields": {"source": 1, "name": "photos/marked-homes.jpg.280x140_q85_crop.jpg", "storage_hash": "d26becbf46ac48eda79c7a39a13a02dd", "modified": "2012-10-04T09:01:43.378Z"}}, {"pk": 2, "model": "easy_thumbnails.thumbnail", "fields": {"source": 1, "name": "photos/marked-homes.jpg.280x280_q85_crop.jpg", "storage_hash": "d26becbf46ac48eda79c7a39a13a02dd", "modified": "2012-10-04T09:03:02.118Z"}}, {"pk": 3, "model": "easy_thumbnails.thumbnail", "fields": {"source": 1, "name": "photos/marked-homes.jpg.240x240_q85_crop.jpg", "storage_hash": "d26becbf46ac48eda79c7a39a13a02dd", "modified": "2012-10-05T12:43:29.985Z"}}, {"pk": 4, "model": "easy_thumbnails.thumbnail", "fields": {"source": 2, "name": "photos/CONTROLLED-CHAOS.jpg.240x240_q85_crop.jpg", "storage_hash": "d26becbf46ac48eda79c7a39a13a02dd", "modified": "2012-10-04T09:06:16.346Z"}}, {"pk": 5, "model": "easy_thumbnails.thumbnail", "fields": {"source": 3, "name": "photos/foreclsoures.jpg.240x240_q85_crop.jpg", "storage_hash": "d26becbf46ac48eda79c7a39a13a02dd", "modified": "2012-10-05T12:44:21.057Z"}}, {"pk": 6, "model": "easy_thumbnails.thumbnail", "fields": {"source": 4, "name": "photos/tulips.jpg.240x240_q85_crop.jpg", "storage_hash": "d26becbf46ac48eda79c7a39a13a02dd", "modified": "2012-10-04T09:12:05.202Z"}}, {"pk": 7, "model": "easy_thumbnails.thumbnail", "fields": {"source": 5, "name": "photos/ac-the-stairway.jpg.240x240_q85_crop.jpg", "storage_hash": "d26becbf46ac48eda79c7a39a13a02dd", "modified": "2012-10-05T12:43:30.657Z"}}, {"pk": 8, "model": "easy_thumbnails.thumbnail", "fields": {"source": 6, "name": "photos/CONTROLLED-CHAOS_1.jpg.240x240_q85_crop.jpg", "storage_hash": "d26becbf46ac48eda79c7a39a13a02dd", "modified": "2012-10-04T14:33:45.402Z"}}, {"pk": 9, "model": "easy_thumbnails.thumbnail", "fields": {"source": 11, "name": "photos/3D-1.jpg.240x240_q85_crop.jpg", "storage_hash": "d26becbf46ac48eda79c7a39a13a02dd", "modified": "2012-10-05T12:43:26.293Z"}}, {"pk": 10, "model": "easy_thumbnails.thumbnail", "fields": {"source": 7, "name": "photos/media-influences.jpg.240x240_q85_crop.jpg", "storage_hash": "d26becbf46ac48eda79c7a39a13a02dd", "modified": "2012-10-05T12:43:30.217Z"}}, {"pk": 11, "model": "easy_thumbnails.thumbnail", "fields": {"source": 8, "name": "photos/secretgardens.jpg.240x240_q85_crop.jpg", "storage_hash": "d26becbf46ac48eda79c7a39a13a02dd", "modified": "2012-10-05T12:43:30.445Z"}}, {"pk": 12, "model": "easy_thumbnails.thumbnail", "fields": {"source": 9, "name": "photos/doghouse.jpg.240x240_q85_crop.jpg", "storage_hash": "d26becbf46ac48eda79c7a39a13a02dd", "modified": "2012-10-05T12:43:30.885Z"}}, {"pk": 13, "model": "easy_thumbnails.thumbnail", "fields": {"source": 10, "name": "photos/the-final-walk.jpg.240x240_q85_crop.jpg", "storage_hash": "d26becbf46ac48eda79c7a39a13a02dd", "modified": "2012-10-05T12:43:31.145Z"}}, {"pk": 14, "model": "easy_thumbnails.thumbnail", "fields": {"source": 12, "name": "photos/Paintings-56.jpg.240x240_q85_crop.jpg", "storage_hash": "d26becbf46ac48eda79c7a39a13a02dd", "modified": "2012-10-05T12:43:31.473Z"}}, {"pk": 15, "model": "easy_thumbnails.thumbnail", "fields": {"source": 13, "name": "photos/Paintings-54.jpg.240x240_q85_crop.jpg", "storage_hash": "d26becbf46ac48eda79c7a39a13a02dd", "modified": "2012-10-05T12:43:31.813Z"}}, {"pk": 16, "model": "easy_thumbnails.thumbnail", "fields": {"source": 14, "name": "photos/Paintings-55.jpg.240x240_q85_crop.jpg", "storage_hash": "d26becbf46ac48eda79c7a39a13a02dd", "modified": "2012-10-05T12:43:32.149Z"}}, {"pk": 17, "model": "easy_thumbnails.thumbnail", "fields": {"source": 15, "name": "photos/Paintings-60.jpg.240x240_q85_crop.jpg", "storage_hash": "d26becbf46ac48eda79c7a39a13a02dd", "modified": "2012-10-05T12:43:32.529Z"}}, {"pk": 18, "model": "easy_thumbnails.thumbnail", "fields": {"source": 16, "name": "photos/OBSCURE_LINES.jpg.240x240_q85_crop.jpg", "storage_hash": "d26becbf46ac48eda79c7a39a13a02dd", "modified": "2012-10-05T12:43:33.033Z"}}, {"pk": 19, "model": "easy_thumbnails.thumbnail", "fields": {"source": 17, "name": "photos/welcome_to_tora_bora.jpg.240x240_q85_crop.jpg", "storage_hash": "d26becbf46ac48eda79c7a39a13a02dd", "modified": "2012-10-05T12:43:33.549Z"}}, {"pk": 20, "model": "easy_thumbnails.thumbnail", "fields": {"source": 18, "name": "photos/war_games.jpg.240x240_q85_crop.jpg", "storage_hash": "d26becbf46ac48eda79c7a39a13a02dd", "modified": "2012-10-05T12:43:33.985Z"}}, {"pk": 21, "model": "easy_thumbnails.thumbnail", "fields": {"source": 19, "name": "photos/war_room.jpg.240x240_q85_crop.jpg", "storage_hash": "d26becbf46ac48eda79c7a39a13a02dd", "modified": "2012-10-05T12:43:34.261Z"}}, {"pk": 19, "model": "auth.permission", "fields": {"codename": "add_logentry", "name": "Can add log entry", "content_type": 7}}, {"pk": 20, "model": "auth.permission", "fields": {"codename": "change_logentry", "name": "Can change log entry", "content_type": 7}}, {"pk": 21, "model": "auth.permission", "fields": {"codename": "delete_logentry", "name": "Can delete log entry", "content_type": 7}}, {"pk": 1, "model": "auth.permission", "fields": {"codename": "add_group", "name": "Can add group", "content_type": 2}}, {"pk": 4, "model": "auth.permission", "fields": {"codename": "change_group", "name": "Can change group", "content_type": 2}}, {"pk": 7, "model": "auth.permission", "fields": {"codename": "delete_group", "name": "Can delete group", "content_type": 2}}, {"pk": 2, "model": "auth.permission", "fields": {"codename": "add_permission", "name": "Can add permission", "content_type": 1}}, {"pk": 5, "model": "auth.permission", "fields": {"codename": "change_permission", "name": "Can change permission", "content_type": 1}}, {"pk": 8, "model": "auth.permission", "fields": {"codename": "delete_permission", "name": "Can delete permission", "content_type": 1}}, {"pk": 3, "model": "auth.permission", "fields": {"codename": "add_user", "name": "Can add user", "content_type": 3}}, {"pk": 6, "model": "auth.permission", "fields": {"codename": "change_user", "name": "Can change user", "content_type": 3}}, {"pk": 9, "model": "auth.permission", "fields": {"codename": "delete_user", "name": "Can delete user", "content_type": 3}}, {"pk": 52, "model": "auth.permission", "fields": {"codename": "add_artist", "name": "Can add artist", "content_type": 18}}, {"pk": 55, "model": "auth.permission", "fields": {"codename": "change_artist", "name": "Can change artist", "content_type": 18}}, {"pk": 58, "model": "auth.permission", "fields": {"codename": "delete_artist", "name": "Can delete artist", "content_type": 18}}, {"pk": 53, "model": "auth.permission", "fields": {"codename": "add_collection", "name": "Can add collection", "content_type": 19}}, {"pk": 56, "model": "auth.permission", "fields": {"codename": "change_collection", "name": "Can change collection", "content_type": 19}}, {"pk": 59, "model": "auth.permission", "fields": {"codename": "delete_collection", "name": "Can delete collection", "content_type": 19}}, {"pk": 61, "model": "auth.permission", "fields": {"codename": "add_image", "name": "Can add image", "content_type": 21}}, {"pk": 62, "model": "auth.permission", "fields": {"codename": "change_image", "name": "Can change image", "content_type": 21}}, {"pk": 63, "model": "auth.permission", "fields": {"codename": "delete_image", "name": "Can delete image", "content_type": 21}}, {"pk": 10, "model": "auth.permission", "fields": {"codename": "add_contenttype", "name": "Can add content type", "content_type": 4}}, {"pk": 11, "model": "auth.permission", "fields": {"codename": "change_contenttype", "name": "Can change content type", "content_type": 4}}, {"pk": 12, "model": "auth.permission", "fields": {"codename": "delete_contenttype", "name": "Can delete content type", "content_type": 4}}, {"pk": 25, "model": "auth.permission", "fields": {"codename": "add_menuitem", "name": "Can add menu item", "content_type": 9}}, {"pk": 26, "model": "auth.permission", "fields": {"codename": "change_menuitem", "name": "Can change menu item", "content_type": 9}}, {"pk": 27, "model": "auth.permission", "fields": {"codename": "delete_menuitem", "name": "Can delete menu item", "content_type": 9}}, {"pk": 73, "model": "auth.permission", "fields": {"codename": "add_message", "name": "Can add message", "content_type": 25}}, {"pk": 74, "model": "auth.permission", "fields": {"codename": "change_message", "name": "Can change message", "content_type": 25}}, {"pk": 75, "model": "auth.permission", "fields": {"codename": "delete_message", "name": "Can delete message", "content_type": 25}}, {"pk": 76, "model": "auth.permission", "fields": {"codename": "add_patron", "name": "Can add patron", "content_type": 26}}, {"pk": 77, "model": "auth.permission", "fields": {"codename": "change_patron", "name": "Can change patron", "content_type": 26}}, {"pk": 78, "model": "auth.permission", "fields": {"codename": "delete_patron", "name": "Can delete patron", "content_type": 26}}, {"pk": 64, "model": "auth.permission", "fields": {"codename": "add_source", "name": "Can add source", "content_type": 22}}, {"pk": 66, "model": "auth.permission", "fields": {"codename": "change_source", "name": "Can change source", "content_type": 22}}, {"pk": 68, "model": "auth.permission", "fields": {"codename": "delete_source", "name": "Can delete source", "content_type": 22}}, {"pk": 65, "model": "auth.permission", "fields": {"codename": "add_thumbnail", "name": "Can add thumbnail", "content_type": 23}}, {"pk": 67, "model": "auth.permission", "fields": {"codename": "change_thumbnail", "name": "Can change thumbnail", "content_type": 23}}, {"pk": 69, "model": "auth.permission", "fields": {"codename": "delete_thumbnail", "name": "Can delete thumbnail", "content_type": 23}}, {"pk": 28, "model": "auth.permission", "fields": {"codename": "add_flatpage", "name": "Can add flat page", "content_type": 10}}, {"pk": 29, "model": "auth.permission", "fields": {"codename": "change_flatpage", "name": "Can change flat page", "content_type": 10}}, {"pk": 30, "model": "auth.permission", "fields": {"codename": "delete_flatpage", "name": "Can delete flat page", "content_type": 10}}, {"pk": 34, "model": "auth.permission", "fields": {"codename": "add_gallery", "name": "Can add gallery", "content_type": 12}}, {"pk": 40, "model": "auth.permission", "fields": {"codename": "change_gallery", "name": "Can change gallery", "content_type": 12}}, {"pk": 46, "model": "auth.permission", "fields": {"codename": "delete_gallery", "name": "Can delete gallery", "content_type": 12}}, {"pk": 35, "model": "auth.permission", "fields": {"codename": "add_galleryupload", "name": "Can add gallery upload", "content_type": 13}}, {"pk": 41, "model": "auth.permission", "fields": {"codename": "change_galleryupload", "name": "Can change gallery upload", "content_type": 13}}, {"pk": 47, "model": "auth.permission", "fields": {"codename": "delete_galleryupload", "name": "Can delete gallery upload", "content_type": 13}}, {"pk": 36, "model": "auth.permission", "fields": {"codename": "add_photo", "name": "Can add photo", "content_type": 14}}, {"pk": 42, "model": "auth.permission", "fields": {"codename": "change_photo", "name": "Can change photo", "content_type": 14}}, {"pk": 48, "model": "auth.permission", "fields": {"codename": "delete_photo", "name": "Can delete photo", "content_type": 14}}, {"pk": 37, "model": "auth.permission", "fields": {"codename": "add_photoeffect", "name": "Can add photo effect", "content_type": 15}}, {"pk": 43, "model": "auth.permission", "fields": {"codename": "change_photoeffect", "name": "Can change photo effect", "content_type": 15}}, {"pk": 49, "model": "auth.permission", "fields": {"codename": "delete_photoeffect", "name": "Can delete photo effect", "content_type": 15}}, {"pk": 38, "model": "auth.permission", "fields": {"codename": "add_photosize", "name": "Can add photo size", "content_type": 17}}, {"pk": 44, "model": "auth.permission", "fields": {"codename": "change_photosize", "name": "Can change photo size", "content_type": 17}}, {"pk": 50, "model": "auth.permission", "fields": {"codename": "delete_photosize", "name": "Can delete photo size", "content_type": 17}}, {"pk": 39, "model": "auth.permission", "fields": {"codename": "add_watermark", "name": "Can add watermark", "content_type": 16}}, {"pk": 45, "model": "auth.permission", "fields": {"codename": "change_watermark", "name": "Can change watermark", "content_type": 16}}, {"pk": 51, "model": "auth.permission", "fields": {"codename": "delete_watermark", "name": "Can delete watermark", "content_type": 16}}, {"pk": 13, "model": "auth.permission", "fields": {"codename": "add_session", "name": "Can add session", "content_type": 5}}, {"pk": 14, "model": "auth.permission", "fields": {"codename": "change_session", "name": "Can change session", "content_type": 5}}, {"pk": 15, "model": "auth.permission", "fields": {"codename": "delete_session", "name": "Can delete session", "content_type": 5}}, {"pk": 16, "model": "auth.permission", "fields": {"codename": "add_site", "name": "Can add site", "content_type": 6}}, {"pk": 17, "model": "auth.permission", "fields": {"codename": "change_site", "name": "Can change site", "content_type": 6}}, {"pk": 18, "model": "auth.permission", "fields": {"codename": "delete_site", "name": "Can delete site", "content_type": 6}}, {"pk": 31, "model": "auth.permission", "fields": {"codename": "add_migrationhistory", "name": "Can add migration history", "content_type": 11}}, {"pk": 32, "model": "auth.permission", "fields": {"codename": "change_migrationhistory", "name": "Can change migration history", "content_type": 11}}, {"pk": 33, "model": "auth.permission", "fields": {"codename": "delete_migrationhistory", "name": "Can delete migration history", "content_type": 11}}, {"pk": 22, "model": "auth.permission", "fields": {"codename": "add_splash", "name": "Can add splash", "content_type": 8}}, {"pk": 23, "model": "auth.permission", "fields": {"codename": "change_splash", "name": "Can change splash", "content_type": 8}}, {"pk": 24, "model": "auth.permission", "fields": {"codename": "delete_splash", "name": "Can delete splash", "content_type": 8}}, {"pk": 1, "model": "auth.user", "fields": {"username": "beno", "first_name": "", "last_name": "", "is_active": true, "is_superuser": true, "is_staff": true, "last_login": "2012-10-09T14:26:25.827Z", "groups": [], "user_permissions": [], "password": "pbkdf2_sha256$10000$1CkVEDnzhp1F$vpy6v0eGigUVh/2DnZFF8SiXEckq5aG8PHcy8MazRPI=", "email": "beno@beno.hu", "date_joined": "2012-10-02T10:35:15.454Z"}}, {"pk": 2, "model": "auth.user", "fields": {"username": "hagyma22", "first_name": "", "last_name": "", "is_active": true, "is_superuser": true, "is_staff": true, "last_login": "2012-10-12T00:09:10.843Z", "groups": [], "user_permissions": [], "password": "pbkdf2_sha256$10000$3hYAGvNAgmcO$bn8UXo/v2e8QjNDSAKD8UZfDnsjnUvwD9ky/Pa9HguA=", "email": "hagyma@hagyma.hagyma", "date_joined": "2012-10-12T00:08:44.245Z"}}, {"pk": 3, "model": "auth.user", "fields": {"username": "marc", "first_name": "Marcus", "last_name": "Jansen", "is_active": true, "is_superuser": false, "is_staff": true, "last_login": "2012-10-12T00:10:51.863Z", "groups": [], "user_permissions": [52, 55, 58, 53, 56, 59, 61, 62, 63, 25, 26, 76, 77, 78, 29], "password": "pbkdf2_sha256$10000$oVwOFtFYnoRm$sqY5PTmisnpFzyQ2FtO83q/HxCl1DjQbevLjDxItE+c=", "email": "", "date_joined": "2012-10-12T00:09:34Z"}}, {"pk": 104, "model": "admin.logentry", "fields": {"action_flag": 2, "action_time": "2012-10-12T00:10:40.611Z", "object_repr": "marc", "object_id": "3", "change_message": "Changed password, first_name, last_name, is_staff and user_permissions.", "user": 2, "content_type": 3}}, {"pk": 103, "model": "admin.logentry", "fields": {"action_flag": 1, "action_time": "2012-10-12T00:09:34.410Z", "object_repr": "marc", "object_id": "3", "change_message": "", "user": 2, "content_type": 3}}, {"pk": 102, "model": "admin.logentry", "fields": {"action_flag": 2, "action_time": "2012-10-09T14:31:51.669Z", "object_repr": "/contact/ -- UNIT A - Contact", "object_id": "3", "change_message": "Changed content.", "user": 1, "content_type": 10}}, {"pk": 101, "model": "admin.logentry", "fields": {"action_flag": 2, "action_time": "2012-10-09T14:31:14.589Z", "object_repr": "/rentals/ -- UNIT A - Rentals", "object_id": "6", "change_message": "Changed content.", "user": 1, "content_type": 10}}, {"pk": 100, "model": "admin.logentry", "fields": {"action_flag": 2, "action_time": "2012-10-09T14:29:37.984Z", "object_repr": "/shop/ -- UNIT A - Shop", "object_id": "8", "change_message": "Changed content.", "user": 1, "content_type": 10}}, {"pk": 99, "model": "admin.logentry", "fields": {"action_flag": 2, "action_time": "2012-10-09T14:29:10.249Z", "object_repr": "/about/ -- UNIT A - About", "object_id": "1", "change_message": "Changed content.", "user": 1, "content_type": 10}}, {"pk": 98, "model": "admin.logentry", "fields": {"action_flag": 2, "action_time": "2012-10-09T14:28:12.740Z", "object_repr": "/review/ -- UNIT A - Review", "object_id": "7", "change_message": "Changed content.", "user": 1, "content_type": 10}}, {"pk": 97, "model": "admin.logentry", "fields": {"action_flag": 2, "action_time": "2012-10-09T14:27:00.757Z", "object_repr": "/events/ -- UNIT A - Events", "object_id": "5", "change_message": "Changed content.", "user": 1, "content_type": 10}}, {"pk": 96, "model": "admin.logentry", "fields": {"action_flag": 2, "action_time": "2012-10-05T12:44:13.915Z", "object_repr": "2 - Marcus Jansen - Foreclosures", "object_id": "3", "change_message": "Changed photo.", "user": 1, "content_type": 21}}, {"pk": 95, "model": "admin.logentry", "fields": {"action_flag": 1, "action_time": "2012-10-05T12:43:11.179Z", "object_repr": "17 - Marcus Jansen - War Room with red bench", "object_id": "18", "change_message": "", "user": 1, "content_type": 21}}, {"pk": 94, "model": "admin.logentry", "fields": {"action_flag": 1, "action_time": "2012-10-05T12:42:43.759Z", "object_repr": "16 - Marcus Jansen - War games", "object_id": "17", "change_message": "", "user": 1, "content_type": 21}}, {"pk": 93, "model": "admin.logentry", "fields": {"action_flag": 1, "action_time": "2012-10-05T12:42:18.682Z", "object_repr": "15 - Marcus Jansen - welcome to tora bora", "object_id": "16", "change_message": "", "user": 1, "content_type": 21}}, {"pk": 92, "model": "admin.logentry", "fields": {"action_flag": 1, "action_time": "2012-10-05T12:41:47.753Z", "object_repr": "14 - Marcus Jansen - Obscure Lines", "object_id": "15", "change_message": "", "user": 1, "content_type": 21}}, {"pk": 91, "model": "admin.logentry", "fields": {"action_flag": 1, "action_time": "2012-10-05T12:41:16.823Z", "object_repr": "13 - Marcus Jansen - Eagle on False Flag", "object_id": "14", "change_message": "", "user": 1, "content_type": 21}}, {"pk": 90, "model": "admin.logentry", "fields": {"action_flag": 1, "action_time": "2012-10-05T12:40:49.062Z", "object_repr": "12 - Marcus Jansen - Imminent Threat", "object_id": "13", "change_message": "", "user": 1, "content_type": 21}}, {"pk": 89, "model": "admin.logentry", "fields": {"action_flag": 1, "action_time": "2012-10-05T12:40:26.869Z", "object_repr": "11 - Marcus Jansen - When the Cowboys came", "object_id": "12", "change_message": "", "user": 1, "content_type": 21}}, {"pk": 88, "model": "admin.logentry", "fields": {"action_flag": 1, "action_time": "2012-10-05T12:39:46.255Z", "object_repr": "10 - Marcus Jansen - Battlefield", "object_id": "11", "change_message": "", "user": 1, "content_type": 21}}, {"pk": 87, "model": "admin.logentry", "fields": {"action_flag": 1, "action_time": "2012-10-05T12:39:12.419Z", "object_repr": "9 - Marcus Jansen - Friendly Fire", "object_id": "10", "change_message": "", "user": 1, "content_type": 21}}, {"pk": 86, "model": "admin.logentry", "fields": {"action_flag": 1, "action_time": "2012-10-05T12:37:15.870Z", "object_repr": "8 - Marcus Jansen - the final walk", "object_id": "9", "change_message": "", "user": 1, "content_type": 21}}, {"pk": 85, "model": "admin.logentry", "fields": {"action_flag": 1, "action_time": "2012-10-05T12:36:45.359Z", "object_repr": "7 - Marcus Jansen - Doghouse", "object_id": "8", "change_message": "", "user": 1, "content_type": 21}}, {"pk": 84, "model": "admin.logentry", "fields": {"action_flag": 1, "action_time": "2012-10-05T12:35:13.609Z", "object_repr": "6 - Marcus Jansen - The Stairway", "object_id": "7", "change_message": "", "user": 1, "content_type": 21}}, {"pk": 83, "model": "admin.logentry", "fields": {"action_flag": 1, "action_time": "2012-10-05T12:34:44.385Z", "object_repr": "5 - Marcus Jansen - Secret Gardens", "object_id": "6", "change_message": "", "user": 1, "content_type": 21}}, {"pk": 82, "model": "admin.logentry", "fields": {"action_flag": 1, "action_time": "2012-10-05T12:34:18.844Z", "object_repr": "4 - Marcus Jansen - Plots and Influential Friends", "object_id": "5", "change_message": "", "user": 1, "content_type": 21}}, {"pk": 81, "model": "admin.logentry", "fields": {"action_flag": 1, "action_time": "2012-10-05T12:32:38.945Z", "object_repr": "3 - Marcus Jansen - Marked Homes", "object_id": "4", "change_message": "", "user": 1, "content_type": 21}}, {"pk": 80, "model": "admin.logentry", "fields": {"action_flag": 1, "action_time": "2012-10-05T12:32:17.535Z", "object_repr": "2 - Marcus Jansen - Foreclosures", "object_id": "3", "change_message": "", "user": 1, "content_type": 21}}, {"pk": 79, "model": "admin.logentry", "fields": {"action_flag": 1, "action_time": "2012-10-04T14:32:36.758Z", "object_repr": "1 - Marcus Jansen - Controlled Chaos", "object_id": "2", "change_message": "", "user": 1, "content_type": 21}}, {"pk": 78, "model": "admin.logentry", "fields": {"action_flag": 1, "action_time": "2012-10-04T14:31:28.037Z", "object_repr": "2 - Marcus Jansen - Private", "object_id": "2", "change_message": "", "user": 1, "content_type": 19}}, {"pk": 77, "model": "admin.logentry", "fields": {"action_flag": 1, "action_time": "2012-10-04T14:31:11.432Z", "object_repr": "1 - Marcus Jansen - Marcus Jansen", "object_id": "1", "change_message": "", "user": 1, "content_type": 19}}, {"pk": 76, "model": "admin.logentry", "fields": {"action_flag": 2, "action_time": "2012-10-04T12:20:34.825Z", "object_repr": "/contact/ -- UNIT A - Contact", "object_id": "3", "change_message": "Changed content.", "user": 1, "content_type": 10}}, {"pk": 75, "model": "admin.logentry", "fields": {"action_flag": 2, "action_time": "2012-10-04T12:16:33.426Z", "object_repr": "/patrons/ -- Patrons", "object_id": "4", "change_message": "Changed order.", "user": 1, "content_type": 9}}, {"pk": 74, "model": "admin.logentry", "fields": {"action_flag": 2, "action_time": "2012-10-04T12:16:08.092Z", "object_repr": "/contact/ -- Contact", "object_id": "3", "change_message": "Changed order.", "user": 1, "content_type": 9}}, {"pk": 73, "model": "admin.logentry", "fields": {"action_flag": 1, "action_time": "2012-10-04T12:15:42.127Z", "object_repr": "http://www.facebook.com/pages/UNIT-A-Contemporary-Art-Space/197246903720786?ref=hl -- Facebook", "object_id": "11", "change_message": "", "user": 1, "content_type": 9}}, {"pk": 72, "model": "admin.logentry", "fields": {"action_flag": 1, "action_time": "2012-10-04T12:15:19.742Z", "object_repr": "/shop/ -- Shop", "object_id": "10", "change_message": "", "user": 1, "content_type": 9}}, {"pk": 71, "model": "admin.logentry", "fields": {"action_flag": 1, "action_time": "2012-10-04T12:15:08.862Z", "object_repr": "/rentals/ -- Rentals", "object_id": "9", "change_message": "", "user": 1, "content_type": 9}}, {"pk": 70, "model": "admin.logentry", "fields": {"action_flag": 1, "action_time": "2012-10-04T12:14:53.727Z", "object_repr": "/editions/ -- Editions", "object_id": "8", "change_message": "", "user": 1, "content_type": 9}}, {"pk": 69, "model": "admin.logentry", "fields": {"action_flag": 1, "action_time": "2012-10-04T12:14:26.261Z", "object_repr": "/video/ -- Video", "object_id": "7", "change_message": "", "user": 1, "content_type": 9}}, {"pk": 68, "model": "admin.logentry", "fields": {"action_flag": 1, "action_time": "2012-10-04T12:14:07.438Z", "object_repr": "/review/ -- Review", "object_id": "6", "change_message": "", "user": 1, "content_type": 9}}, {"pk": 67, "model": "admin.logentry", "fields": {"action_flag": 1, "action_time": "2012-10-04T12:13:35.907Z", "object_repr": "/events/ -- Events", "object_id": "5", "change_message": "", "user": 1, "content_type": 9}}, {"pk": 66, "model": "admin.logentry", "fields": {"action_flag": 2, "action_time": "2012-10-04T12:13:18.945Z", "object_repr": "/about/ -- About ", "object_id": "1", "change_message": "Changed order.", "user": 1, "content_type": 9}}, {"pk": 65, "model": "admin.logentry", "fields": {"action_flag": 2, "action_time": "2012-10-04T12:13:12.723Z", "object_repr": "/collection/ -- collection", "object_id": "2", "change_message": "Changed order.", "user": 1, "content_type": 9}}, {"pk": 64, "model": "admin.logentry", "fields": {"action_flag": 1, "action_time": "2012-10-04T12:12:00.742Z", "object_repr": "/video/ -- UNIT A - Video", "object_id": "9", "change_message": "", "user": 1, "content_type": 10}}, {"pk": 63, "model": "admin.logentry", "fields": {"action_flag": 1, "action_time": "2012-10-04T12:10:47.238Z", "object_repr": "/shop/ -- UNIT A - Shop", "object_id": "8", "change_message": "", "user": 1, "content_type": 10}}, {"pk": 62, "model": "admin.logentry", "fields": {"action_flag": 1, "action_time": "2012-10-04T12:09:56.967Z", "object_repr": "/review/ -- UNIT A - Review", "object_id": "7", "change_message": "", "user": 1, "content_type": 10}}, {"pk": 61, "model": "admin.logentry", "fields": {"action_flag": 1, "action_time": "2012-10-04T12:09:15.319Z", "object_repr": "/rentals/ -- UNIT A - Rentals", "object_id": "6", "change_message": "", "user": 1, "content_type": 10}}, {"pk": 60, "model": "admin.logentry", "fields": {"action_flag": 1, "action_time": "2012-10-04T12:08:03.450Z", "object_repr": "/events/ -- UNIT A - Events", "object_id": "5", "change_message": "", "user": 1, "content_type": 10}}, {"pk": 59, "model": "admin.logentry", "fields": {"action_flag": 2, "action_time": "2012-10-04T11:55:30.671Z", "object_repr": "/editions/ -- UNIT A - Editions", "object_id": "4", "change_message": "Changed content.", "user": 1, "content_type": 10}}, {"pk": 58, "model": "admin.logentry", "fields": {"action_flag": 1, "action_time": "2012-10-04T11:49:30.583Z", "object_repr": "/editions/ -- UNIT A - Editions", "object_id": "4", "change_message": "", "user": 1, "content_type": 10}}, {"pk": 57, "model": "admin.logentry", "fields": {"action_flag": 2, "action_time": "2012-10-04T11:42:25.744Z", "object_repr": "/contact/ -- UNIT A - Contact", "object_id": "3", "change_message": "Changed content.", "user": 1, "content_type": 10}}, {"pk": 56, "model": "admin.logentry", "fields": {"action_flag": 2, "action_time": "2012-10-04T11:41:28.689Z", "object_repr": "/contact/ -- UNIT A - Contact", "object_id": "3", "change_message": "Changed content.", "user": 1, "content_type": 10}}, {"pk": 55, "model": "admin.logentry", "fields": {"action_flag": 2, "action_time": "2012-10-04T11:39:04.351Z", "object_repr": "/contact/ -- UNIT A - Contact", "object_id": "3", "change_message": "Changed content.", "user": 1, "content_type": 10}}, {"pk": 54, "model": "admin.logentry", "fields": {"action_flag": 2, "action_time": "2012-10-04T11:35:00.199Z", "object_repr": "/contact/ -- UNIT A - Contact", "object_id": "3", "change_message": "Changed content.", "user": 1, "content_type": 10}}, {"pk": 53, "model": "admin.logentry", "fields": {"action_flag": 1, "action_time": "2012-10-04T11:31:14.038Z", "object_repr": "/contact/ -- UNIT A - Contact", "object_id": "3", "change_message": "", "user": 1, "content_type": 10}}, {"pk": 52, "model": "admin.logentry", "fields": {"action_flag": 2, "action_time": "2012-10-04T11:17:40.221Z", "object_repr": "/patrons/ -- Patrons", "object_id": "2", "change_message": "Changed content.", "user": 1, "content_type": 10}}, {"pk": 51, "model": "admin.logentry", "fields": {"action_flag": 1, "action_time": "2012-10-04T11:14:52.828Z", "object_repr": "/patrons/ -- Patrons", "object_id": "2", "change_message": "", "user": 1, "content_type": 10}}, {"pk": 50, "model": "admin.logentry", "fields": {"action_flag": 1, "action_time": "2012-10-04T10:50:28.963Z", "object_repr": "/patrons/ -- Patrons", "object_id": "4", "change_message": "", "user": 1, "content_type": 9}}, {"pk": 49, "model": "admin.logentry", "fields": {"action_flag": 1, "action_time": "2012-10-04T10:28:20.942Z", "object_repr": "/contact/ -- Contact", "object_id": "3", "change_message": "", "user": 1, "content_type": 9}}, {"pk": 48, "model": "admin.logentry", "fields": {"action_flag": 3, "action_time": "2012-10-04T10:03:24.730Z", "object_repr": "2 - Marcus Jansen - aaa", "object_id": "2", "change_message": "", "user": 1, "content_type": 21}}, {"pk": 47, "model": "admin.logentry", "fields": {"action_flag": 1, "action_time": "2012-10-04T09:50:22.990Z", "object_repr": "2 - Marcus Jansen - aaa", "object_id": "2", "change_message": "", "user": 1, "content_type": 21}}, {"pk": 46, "model": "admin.logentry", "fields": {"action_flag": 3, "action_time": "2012-10-04T09:12:42.158Z", "object_repr": "3 - Marcus Jansen - dfdd", "object_id": "4", "change_message": "", "user": 1, "content_type": 19}}, {"pk": 45, "model": "admin.logentry", "fields": {"action_flag": 3, "action_time": "2012-10-04T09:12:41.914Z", "object_repr": "2 - Marcus Jansen - ads", "object_id": "3", "change_message": "", "user": 1, "content_type": 19}}, {"pk": 44, "model": "admin.logentry", "fields": {"action_flag": 1, "action_time": "2012-10-04T09:12:00.964Z", "object_repr": "1 - dfdd - dfdfd", "object_id": "3", "change_message": "", "user": 1, "content_type": 21}}, {"pk": 43, "model": "admin.logentry", "fields": {"action_flag": 1, "action_time": "2012-10-04T09:11:47.467Z", "object_repr": "1 - ads - asdf", "object_id": "2", "change_message": "", "user": 1, "content_type": 21}}, {"pk": 42, "model": "admin.logentry", "fields": {"action_flag": 1, "action_time": "2012-10-04T09:11:32.564Z", "object_repr": "3 - Marcus Jansen - dfdd", "object_id": "4", "change_message": "", "user": 1, "content_type": 19}}, {"pk": 41, "model": "admin.logentry", "fields": {"action_flag": 1, "action_time": "2012-10-04T09:11:22.508Z", "object_repr": "2 - Marcus Jansen - ads", "object_id": "3", "change_message": "", "user": 1, "content_type": 19}}, {"pk": 40, "model": "admin.logentry", "fields": {"action_flag": 1, "action_time": "2012-10-04T09:06:11.443Z", "object_repr": "1 - Marcus Jansen - Controlled Chaos", "object_id": "1", "change_message": "", "user": 1, "content_type": 21}}, {"pk": 39, "model": "admin.logentry", "fields": {"action_flag": 3, "action_time": "2012-10-04T09:05:29.389Z", "object_repr": "1 - Marcus Jansen - Robert Kubica", "object_id": "1", "change_message": "", "user": 1, "content_type": 19}}, {"pk": 38, "model": "admin.logentry", "fields": {"action_flag": 1, "action_time": "2012-10-04T09:05:16.847Z", "object_repr": "1 - Marcus Jansen - Marcus Jansen", "object_id": "2", "change_message": "", "user": 1, "content_type": 19}}, {"pk": 37, "model": "admin.logentry", "fields": {"action_flag": 1, "action_time": "2012-10-04T09:00:34.210Z", "object_repr": "1 - Robert Kubica - asdfasdf", "object_id": "1", "change_message": "", "user": 1, "content_type": 21}}, {"pk": 36, "model": "admin.logentry", "fields": {"action_flag": 1, "action_time": "2012-10-04T09:00:17.352Z", "object_repr": "1 - Marcus Jansen - Robert Kubica", "object_id": "1", "change_message": "", "user": 1, "content_type": 19}}, {"pk": 35, "model": "admin.logentry", "fields": {"action_flag": 1, "action_time": "2012-10-04T08:45:58.541Z", "object_repr": "4 - Nemtom - adfasdf", "object_id": "4", "change_message": "", "user": 1, "content_type": 21}}, {"pk": 34, "model": "admin.logentry", "fields": {"action_flag": 1, "action_time": "2012-10-04T08:44:45.399Z", "object_repr": "3 - Nemtom - asss", "object_id": "3", "change_message": "", "user": 1, "content_type": 21}}, {"pk": 33, "model": "admin.logentry", "fields": {"action_flag": 1, "action_time": "2012-10-04T08:39:22.980Z", "object_repr": "2 - Marcus Jansen - aaa", "object_id": "2", "change_message": "", "user": 1, "content_type": 21}}, {"pk": 32, "model": "admin.logentry", "fields": {"action_flag": 1, "action_time": "2012-10-04T08:35:08.770Z", "object_repr": "1 - Marcus Jansen - Controlled Chaos", "object_id": "1", "change_message": "", "user": 1, "content_type": 21}}, {"pk": 31, "model": "admin.logentry", "fields": {"action_flag": 1, "action_time": "2012-10-03T14:55:12.198Z", "object_repr": "2 - Nemtom - sd", "object_id": "4", "change_message": "", "user": 1, "content_type": 21}}, {"pk": 30, "model": "admin.logentry", "fields": {"action_flag": 1, "action_time": "2012-10-03T14:54:48.871Z", "object_repr": "1 - Nemtom - ad", "object_id": "3", "change_message": "", "user": 1, "content_type": 21}}, {"pk": 29, "model": "admin.logentry", "fields": {"action_flag": 1, "action_time": "2012-10-03T14:54:31.300Z", "object_repr": "2 - Marcus Jansen - Nemtom", "object_id": "2", "change_message": "", "user": 1, "content_type": 19}}, {"pk": 28, "model": "admin.logentry", "fields": {"action_flag": 1, "action_time": "2012-10-03T14:54:11.831Z", "object_repr": "2 - Marcus Jansen - Foreclosures", "object_id": "2", "change_message": "", "user": 1, "content_type": 21}}, {"pk": 27, "model": "admin.logentry", "fields": {"action_flag": 1, "action_time": "2012-10-03T14:39:25.703Z", "object_repr": "/collection/ -- collection", "object_id": "2", "change_message": "", "user": 1, "content_type": 9}}, {"pk": 26, "model": "admin.logentry", "fields": {"action_flag": 1, "action_time": "2012-10-03T14:31:54.670Z", "object_repr": "1 - Marcus Jansen - Controlled Chaos", "object_id": "1", "change_message": "", "user": 1, "content_type": 21}}, {"pk": 25, "model": "admin.logentry", "fields": {"action_flag": 1, "action_time": "2012-10-03T14:13:10.407Z", "object_repr": "1 - 1 - Marcus Jansen - Marcus Jansen - Controlled Chaos", "object_id": "1", "change_message": "", "user": 1, "content_type": 21}}, {"pk": 24, "model": "admin.logentry", "fields": {"action_flag": 1, "action_time": "2012-10-03T14:11:22.252Z", "object_repr": "1 - Marcus Jansen - Marcus Jansen", "object_id": "1", "change_message": "", "user": 1, "content_type": 19}}, {"pk": 23, "model": "admin.logentry", "fields": {"action_flag": 1, "action_time": "2012-10-03T13:58:21.774Z", "object_repr": "Artist object", "object_id": "1", "change_message": "", "user": 1, "content_type": 18}}, {"pk": 22, "model": "admin.logentry", "fields": {"action_flag": 2, "action_time": "2012-10-02T15:23:09.116Z", "object_repr": "Marcus Jansen", "object_id": "1", "change_message": "Changed photos.", "user": 1, "content_type": 12}}, {"pk": 21, "model": "admin.logentry", "fields": {"action_flag": 1, "action_time": "2012-10-02T15:22:51.061Z", "object_repr": "Marked Homes", "object_id": "3", "change_message": "", "user": 1, "content_type": 14}}, {"pk": 20, "model": "admin.logentry", "fields": {"action_flag": 1, "action_time": "2012-10-02T15:22:07.978Z", "object_repr": "Foreclosures", "object_id": "2", "change_message": "", "user": 1, "content_type": 14}}, {"pk": 19, "model": "admin.logentry", "fields": {"action_flag": 2, "action_time": "2012-10-02T15:17:17.400Z", "object_repr": "Marcus Jansen", "object_id": "1", "change_message": "Changed photos.", "user": 1, "content_type": 12}}, {"pk": 18, "model": "admin.logentry", "fields": {"action_flag": 1, "action_time": "2012-10-02T14:57:05.912Z", "object_repr": "Controlled Chaos", "object_id": "1", "change_message": "", "user": 1, "content_type": 14}}, {"pk": 17, "model": "admin.logentry", "fields": {"action_flag": 1, "action_time": "2012-10-02T14:53:07.307Z", "object_repr": "Marcus Jansen", "object_id": "1", "change_message": "", "user": 1, "content_type": 12}}, {"pk": 16, "model": "admin.logentry", "fields": {"action_flag": 2, "action_time": "2012-10-02T14:04:34.615Z", "object_repr": "<h1>Unit A</h1>\r\n<p><span>contemporary art space</span></p> - uploads/dsc_4125_unita.jpg", "object_id": "1", "change_message": "No fields changed.", "user": 1, "content_type": 8}}, {"pk": 15, "model": "admin.logentry", "fields": {"action_flag": 2, "action_time": "2012-10-02T14:01:09.408Z", "object_repr": "<h1>Unit A</h1>\r\n<p><span>contemporary art space</span></p> - uploads/dsc_4125_unita.jpg", "object_id": "1", "change_message": "Changed text.", "user": 1, "content_type": 8}}, {"pk": 14, "model": "admin.logentry", "fields": {"action_flag": 2, "action_time": "2012-10-02T13:56:59.636Z", "object_repr": "<h1>Unit A <br /><span>contemporary art space</span></h1> - uploads/dsc_4125_unita.jpg", "object_id": "1", "change_message": "Changed text.", "user": 1, "content_type": 8}}, {"pk": 13, "model": "admin.logentry", "fields": {"action_flag": 2, "action_time": "2012-10-02T13:56:36.380Z", "object_repr": "<h1>Unit A <br />contemporary art space</h1> - uploads/dsc_4125_unita.jpg", "object_id": "1", "change_message": "Changed text.", "user": 1, "content_type": 8}}, {"pk": 12, "model": "admin.logentry", "fields": {"action_flag": 2, "action_time": "2012-10-02T13:56:15.318Z", "object_repr": "<h1>Unit A contemporary art space</h1> - uploads/dsc_4125_unita.jpg", "object_id": "1", "change_message": "Changed text.", "user": 1, "content_type": 8}}, {"pk": 11, "model": "admin.logentry", "fields": {"action_flag": 2, "action_time": "2012-10-02T13:52:46.599Z", "object_repr": "<h1>Unit A</h1>\r\n<h4><span>CONTEMPORARY ART SPACE</span></h4> - uploads/dsc_4125_unita.jpg", "object_id": "1", "change_message": "Changed text.", "user": 1, "content_type": 8}}, {"pk": 10, "model": "admin.logentry", "fields": {"action_flag": 2, "action_time": "2012-10-02T13:50:20.015Z", "object_repr": "<h1>Unit A</h1>\r\n<p><span>CONTEMPORARY ART SPACE</span></p> - uploads/dsc_4125_unita.jpg", "object_id": "1", "change_message": "Changed text.", "user": 1, "content_type": 8}}, {"pk": 9, "model": "admin.logentry", "fields": {"action_flag": 2, "action_time": "2012-10-02T13:49:50.144Z", "object_repr": "<h1>Unit A</h1>\r\n<h1>&nbsp;CONTEMPORARY ART SPACE</h1> - uploads/dsc_4125_unita.jpg", "object_id": "1", "change_message": "Changed text.", "user": 1, "content_type": 8}}, {"pk": 8, "model": "admin.logentry", "fields": {"action_flag": 2, "action_time": "2012-10-02T13:49:04.011Z", "object_repr": "<h1>Unit A</h1>\r\n<p>CONTEMPORARY ART SPACE</p> - uploads/dsc_4125_unita.jpg", "object_id": "1", "change_message": "Changed text.", "user": 1, "content_type": 8}}, {"pk": 7, "model": "admin.logentry", "fields": {"action_flag": 1, "action_time": "2012-10-02T13:46:50.496Z", "object_repr": "/about/ -- About ", "object_id": "1", "change_message": "", "user": 1, "content_type": 9}}, {"pk": 6, "model": "admin.logentry", "fields": {"action_flag": 2, "action_time": "2012-10-02T13:46:13.936Z", "object_repr": "/about/ -- UNIT A - About", "object_id": "1", "change_message": "Changed content.", "user": 1, "content_type": 10}}, {"pk": 5, "model": "admin.logentry", "fields": {"action_flag": 2, "action_time": "2012-10-02T13:45:29.265Z", "object_repr": "/about/ -- UNIT A - About", "object_id": "1", "change_message": "Changed template_name.", "user": 1, "content_type": 10}}, {"pk": 4, "model": "admin.logentry", "fields": {"action_flag": 1, "action_time": "2012-10-02T13:44:15.211Z", "object_repr": "/about/ -- UNIT A - About", "object_id": "1", "change_message": "", "user": 1, "content_type": 10}}, {"pk": 3, "model": "admin.logentry", "fields": {"action_flag": 2, "action_time": "2012-10-02T13:08:40.839Z", "object_repr": "<h1>Unit A</h1> - uploads/dsc_4125_unita.jpg", "object_id": "1", "change_message": "Changed text.", "user": 1, "content_type": 8}}, {"pk": 2, "model": "admin.logentry", "fields": {"action_flag": 1, "action_time": "2012-10-02T12:45:49.870Z", "object_repr": "<p>Unit aa&nbsp;</p> - uploads/dsc_4125_unita.jpg", "object_id": "1", "change_message": "", "user": 1, "content_type": 8}}, {"pk": 1, "model": "admin.logentry", "fields": {"action_flag": 1, "action_time": "2012-10-02T11:20:21.969Z", "object_repr": "<p>\r\n\tunit a</p>\r\n - img/splash/DSC_4125_unita.jpg", "object_id": "1", "change_message": "", "user": 1, "content_type": 8}}]